-- MySQL dump 10.13  Distrib 5.7.9, for Win64 (x86_64)
--
-- Host: localhost    Database: qportal_new
-- ------------------------------------------------------
-- Server version	5.7.11-log

/*!40101 SET @OLD_CHARACTER_SET_CLIENT=@@CHARACTER_SET_CLIENT */;
/*!40101 SET @OLD_CHARACTER_SET_RESULTS=@@CHARACTER_SET_RESULTS */;
/*!40101 SET @OLD_COLLATION_CONNECTION=@@COLLATION_CONNECTION */;
/*!40101 SET NAMES utf8 */;
/*!40103 SET @OLD_TIME_ZONE=@@TIME_ZONE */;
/*!40103 SET TIME_ZONE='+00:00' */;
/*!40014 SET @OLD_UNIQUE_CHECKS=@@UNIQUE_CHECKS, UNIQUE_CHECKS=0 */;
/*!40014 SET @OLD_FOREIGN_KEY_CHECKS=@@FOREIGN_KEY_CHECKS, FOREIGN_KEY_CHECKS=0 */;
/*!40101 SET @OLD_SQL_MODE=@@SQL_MODE, SQL_MODE='NO_AUTO_VALUE_ON_ZERO' */;
/*!40111 SET @OLD_SQL_NOTES=@@SQL_NOTES, SQL_NOTES=0 */;

--
-- Table structure for table `datasegment`
--

DROP TABLE IF EXISTS `datasegment`;
/*!40101 SET @saved_cs_client     = @@character_set_client */;
/*!40101 SET character_set_client = utf8 */;
CREATE TABLE `datasegment` (
  `segment_id` int(11) NOT NULL AUTO_INCREMENT,
  `form_id` int(11) DEFAULT '1',
  `label` longtext NOT NULL,
  `description` longtext,
  `segment_order` varchar(45) DEFAULT NULL,
  PRIMARY KEY (`segment_id`)
) ENGINE=InnoDB AUTO_INCREMENT=159 DEFAULT CHARSET=utf8;
/*!40101 SET character_set_client = @saved_cs_client */;

--
-- Dumping data for table `datasegment`
--

LOCK TABLES `datasegment` WRITE;
/*!40000 ALTER TABLE `datasegment` DISABLE KEYS */;
INSERT INTO `datasegment` VALUES (1,1,'The multiple choice questions .','complete in 15 minutes',NULL),(17,14,'General Knowledge Quiz ','General Knowledge Quiz - part 1',NULL),(18,15,'Client\'s information :','',NULL),(19,15,'Children\'s information :','',NULL),(20,15,'How do you feel about setting money aside for your children\'s education ?','setting money',NULL),(21,15,'Father\'s Information :',NULL,NULL),(22,15,'Mother\'s Information :',NULL,NULL),(23,15,'Spouse\'s Information :',NULL,NULL),(24,15,'Financial Status : ',NULL,NULL),(25,15,'Other Information :',NULL,NULL),(26,15,'Occupational Information :',NULL,NULL),(27,15,'Insuarance Information :','',NULL),(28,15,'Balance Sheet : Asset','Asset/Liabilities',NULL),(29,15,'Balance Sheet : Liabilities','Asset/Liabilities',NULL),(30,15,'Cash Needs :',' ',NULL),(31,15,'Income Needs',NULL,NULL),(32,15,'Distribution',NULL,NULL),(33,15,'At Retirement information',NULL,NULL),(47,30,'','',NULL),(48,30,'Personal Detail ','Personal Detail ',NULL),(49,30,'Details of the Illness','Details of the Illness',NULL),(50,30,'Treatment details ','Treatment details ',NULL),(51,31,'Details of the Illness','Details of the Illness',NULL),(52,31,'Treatment details ','Treatment details ',NULL),(53,32,'Details of the Illness','Details of the Illness',NULL),(54,33,'General Information of the Policy','','1'),(55,33,' Personal Detail ','','2'),(58,33,'Details of the Illness','','3'),(59,33,' Treatment details ',' Treatment details ','4'),(60,34,'CLAIMANT&#146;S STATEMENT','','1'),(61,34,'Information of the Claimant ','','2'),(63,34,'Information of the Life Assured ','','3'),(64,34,'Medical information: ','Medical information: ','4'),(65,34,'Details pertaining to Accident','Applicable only if the cause of death is accident','5'),(66,34,'Details of other Life insurance policies on the Life Assured ','','6'),(67,36,'Claimant\'s Statement','','1'),(70,36,'Life Assured\'s details','','1'),(71,36,'Claimant\'s details (For Spouse/Children)','','3'),(72,36,'Hospitalization details','','4'),(74,36,'If hospitalization was due to an accident please furnish details of accident','','5'),(75,36,'If hospitalization was due to other causes, please furnish','','6'),(76,36,'Are you entitled to any claim on any other medical insurance in relation to this event ?','','7'),(77,36,'Please submit your below bank account details for our records','','8'),(78,37,'Claimant\'s Statement','','1'),(79,37,'Personal details','','2'),(80,37,'Details of the Accident(If the disability is due to an accident, please furnish full details of accident)','','3'),(81,37,' Details of the Illness (If the disability is due to an illness, please furnish full details of illness)  Important: This section is applicable only for a Total and Permanent Disability due to sickness ','','4'),(82,37,'Details of the Disability ','','5'),(83,38,'Basic information of the Proposers','','1'),(84,38,' Has the proposer applied for a loan from any lending institution or Bank ? If Yes, give the following information','','2'),(85,39,'Fill the following basic informations :','','1'),(86,39,' How many people do you employ?  ','','2'),(87,39,'  What has been the annual trade turnover, net and  gross profit of the business ?','','3'),(88,40,'General Information :','','1'),(89,40,'Annual Income','','2'),(90,40,'Details as per latest 3 year\'s audited profit and loss account','','3'),(91,40,'Details as per the latest 3 years Audited Balance Sheets:','','4'),(92,40,'Details of personal Assets and Liabilities : ','','5'),(93,40,'Please provide Residence and Family Life style Details :','','6'),(94,40,'Documents verified for determining the sum assured :','','7'),(95,40,'Comments and Feedback','','8'),(96,41,'Basic Information of the Proposers','','1'),(97,41,'Diagnosis','','2'),(98,41,'Treatments ','','3'),(99,41,' Present condition and prognosis. Please describe your patient\'s','','4'),(100,41,'Remarks/observations.','','5'),(101,42,'Basic Information of the proposers','','1'),(102,42,'If \'yes\' pleas give following details','','2'),(103,42,'Other','','3'),(104,43,'Basic information of the proposers','','1'),(105,43,' If yes, please give following details :','','2'),(106,43,'  If yes, please give following details :','','3'),(107,43,'Other information','','4'),(108,43,' Please provide details of any treatment prescribed :','','5'),(109,44,'Basic Information of the proposers','','1'),(110,44,'Regarding treatment :','','2'),(111,44,' Your patient monitoring condition','','4'),(112,44,'Other Information','','3'),(113,45,'Basic Information of the proposers','','1'),(114,45,'History ','','2'),(115,45,'Diagnosis','','3'),(116,45,'  If the type is other please give the following details','','4'),(117,45,'Treatments ','','5'),(118,45,'Present condition and prognosis. Please describe your patient\'s','','6'),(119,45,'Remarks/observations','','7'),(120,46,'Basic Information of the Proposers','','1'),(121,46,'History','','2'),(122,46,'Diagnosis','','3'),(123,46,'Treatment','','4'),(124,46,'Present condition and prognosis.','','5'),(125,46,'Remarks/observations ','','6'),(126,47,'Basic Information of the proposers','','1'),(127,47,'If you also fly private reasons, please give full details:','','3'),(128,47,'Other Information','','2'),(129,48,'General Information','','1'),(130,48,'Business Involvement of the people','','2'),(131,48,'Other Information','','3'),(132,49,'Please provide the following details.','','1'),(133,50,'Please give the following information.','','1'),(134,51,'Basic information of the proposers','','1'),(135,52,'Please give the following information.','','1'),(136,53,'Please give the following information.','','1'),(138,54,'Give the following information.','','1'),(139,55,'Give the following information.','','1'),(150,55,'Please answered following questions. ','','2'),(156,33,'Signature of Claimant','','5'),(158,59,'Insurance customer Feedback form','','1');
/*!40000 ALTER TABLE `datasegment` ENABLE KEYS */;
UNLOCK TABLES;

--
-- Table structure for table `department`
--

DROP TABLE IF EXISTS `department`;
/*!40101 SET @saved_cs_client     = @@character_set_client */;
/*!40101 SET character_set_client = utf8 */;
CREATE TABLE `department` (
  `id` int(11) NOT NULL AUTO_INCREMENT,
  `department_name` varchar(45) NOT NULL,
  `description` varchar(45) DEFAULT NULL,
  PRIMARY KEY (`id`,`department_name`)
) ENGINE=InnoDB AUTO_INCREMENT=28 DEFAULT CHARSET=utf8;
/*!40101 SET character_set_client = @saved_cs_client */;

--
-- Dumping data for table `department`
--

LOCK TABLES `department` WRITE;
/*!40000 ALTER TABLE `department` DISABLE KEYS */;
INSERT INTO `department` VALUES (1,'Actuarial',NULL),(2,'Admin Dept.',NULL),(3,'Bank Assurance',NULL),(4,'Branch General',NULL),(5,'Branch Gen Agency',NULL),(6,'Branch Life',NULL),(7,'Broker Servicing',NULL),(8,'Corporate Sales Non Life Glennie St',NULL),(9,'Call Center Providence',NULL),(10,'Finance Dept.',NULL),(11,'Fire and Misc Claims',NULL),(12,'HR Dept',NULL),(13,'IT Dept',NULL),(14,'Legal and Compliance',NULL),(15,'Life Valiant Tower',NULL),(16,'Marine',NULL),(17,'Market Management',NULL),(18,'Medical Claims',NULL),(19,'Miscellaneous',NULL),(20,'Motor Claims',NULL),(21,'Motor Under Writing',NULL),(22,'Reinsurance',NULL),(23,'Sales Admin Life',NULL),(24,'Sales Admin Non Life',NULL),(25,'Title and Legal',NULL),(26,'Training and Development',NULL),(27,'Travel',NULL);
/*!40000 ALTER TABLE `department` ENABLE KEYS */;
UNLOCK TABLES;

--
-- Table structure for table `field_form`
--

DROP TABLE IF EXISTS `field_form`;
/*!40101 SET @saved_cs_client     = @@character_set_client */;
/*!40101 SET character_set_client = utf8 */;
CREATE TABLE `field_form` (
  `question_id` int(11) NOT NULL AUTO_INCREMENT,
  `form_id` int(11) NOT NULL,
  `segment_id` int(11) NOT NULL,
  `field_name` longtext NOT NULL,
  `field_type` varchar(45) NOT NULL,
  `orderId` int(11) DEFAULT NULL,
  PRIMARY KEY (`question_id`)
) ENGINE=InnoDB AUTO_INCREMENT=603 DEFAULT CHARSET=utf8;
/*!40101 SET character_set_client = @saved_cs_client */;

--
-- Dumping data for table `field_form`
--

LOCK TABLES `field_form` WRITE;
/*!40000 ALTER TABLE `field_form` DISABLE KEYS */;
INSERT INTO `field_form` VALUES (1,1,1,'If the value of A is 1 and that of B is 2 and thart of C is 3 and so on. What is the total value of all alphabets? ','radioButton',1),(2,1,1,'Who recives Dronacharya Award?','radioButton',2),(3,1,1,'Who was the first Indian to be-elected to the British Parliament? ','radioButton',3),(4,1,1,'In which year India Joined the United Nations? ','radioButton',4),(5,1,1,'A hole is made in a brass plate and it is heated. The size of the hole will .....','radioButton',5),(6,1,1,'Which language was patronised by the the rules of Delhi Sultanate? ','radioButton',6),(7,1,1,'Who discovered magnetic field of electric current? ','radioButton',7),(8,1,1,'Which country leads in the production of rubber? ','radioButton',8),(9,1,1,'The Panchayat Raj is a .......','radioButton',9),(10,1,1,' Which is the most irrigated State in India? ','radioButton',10),(31,12,15,'what is your name ?','radioButton',NULL),(32,12,15,'what is your mother name ?','radioButton',NULL),(33,12,15,'what is your father name ?','radioButton',NULL),(34,13,16,'q1','radioButton',NULL),(35,14,17,'What country is as known as the \"Land of the Thunder Dragon\" ?','radioButton',NULL),(36,14,17,'What is the capital of Easter Islands?','radioButton',NULL),(37,14,17,'What country is known as the \"Pearl of the Indian Ocean\" ?','radioButton',NULL),(38,14,17,'In which year did the world famouse \"Titanic\" ship sink ?','radioButton',NULL),(39,14,17,'Who won the \"2010 Nobel Price for Peace\" undergoing many problems ?','radioButton',NULL),(40,14,17,'Who is the Present (By 13/02/11) president of the Arab Republic of Egypt ?','radioButton',NULL),(41,14,17,'What is the National Carrier of Indonesia ?','radioButton',NULL),(42,14,17,'What is world largest Air port ?','radioButton',NULL),(43,14,17,'What is the world tallest capital city?','radioButton',NULL),(44,14,17,'What is the world largest capital city ?','radioButton',NULL),(65,15,18,'Client\'s information :','table',NULL),(66,15,19,'What do you feel is your most important:Personal Goal? Financial Goal ?','table',NULL),(67,15,20,'Residence Address :','textArea',NULL),(68,15,20,'Telephone :','textFeild',NULL),(69,15,20,'Mobile:','textFeild',NULL),(70,15,20,'Fax:','textFeild',NULL),(71,15,20,'Email :','textFeild',NULL),(72,15,20,'Residence Type : ','checkBox',NULL),(73,15,20,'Monthly Rental : ','textFeild',NULL),(74,15,20,'Mortgage Balance : ','textFeild',NULL),(75,15,20,'Interest Rate :','textFeild',NULL),(76,15,21,'Father Living ?','checkBox',NULL),(77,15,21,'Age :','textFeild',NULL),(78,15,21,'Health :','textFeild',NULL),(79,15,21,'Living Independently :','checkBox',NULL),(80,15,22,'Mothers Living ? ','checkBox',NULL),(81,15,22,'Age :','textFeild',NULL),(82,15,22,'Health :','textFeild',NULL),(83,15,22,'Living Independently :','checkBox',NULL),(84,15,23,'Spouse\'s Parents Living ?','checkBox',NULL),(85,15,23,'Age :','textFeild',NULL),(86,15,23,'Health :','textFeild',NULL),(87,15,23,'Living Independently ?','checkBox',NULL),(88,15,24,'Paren\'t Financial Status :','textFeild',NULL),(89,15,24,'Spouse\'s Parents Financial Status :','textFeild',NULL),(90,15,25,'Has anyone in your familly required assisted lining or long-term care?','textFeild',NULL),(91,15,25,'Your Attorney :','textFeild',NULL),(92,15,25,'Your Accountant :','textFeild',NULL),(93,15,25,'Yours will Date :','textFeild',NULL),(94,15,25,'Spouse\'s will date :','textFeild',NULL),(95,15,25,'Trusts :','textFeild',NULL),(96,15,25,'Trustees :','textFeild',NULL),(97,15,26,'Employer :','textFeild',NULL),(98,15,26,'Employer\'s Occupation :','textFeild',NULL),(99,15,26,'Employer\'s Telephone :','textFeild',NULL),(100,15,26,'Employer\'s Business Address :','textFeild',NULL),(101,15,26,'Spouse\'s Employer :','textFeild',NULL),(102,15,26,'Spouse\'s Occupation :','textFeild',NULL),(103,15,26,'Spouse\'s Telephone :','textFeild',NULL),(104,15,26,'Spouse\'s Business Address :','textFeild',NULL),(105,15,26,'Do you have a pension plan, EPF,ETF,MSPS,ESP etc.?','checkBox',NULL),(106,15,26,'Pension Plan :','textFeild',NULL),(107,15,26,'Your Annual Income Rs. :','textFeild',NULL),(108,15,26,'Spouse\'s Annual Income Rs. :','textFeild',NULL),(109,15,26,'In your opinion, what percentage of income should be set aside for financial goals ?','textFeild',NULL),(110,15,26,'Projected Earnings to Retirement Rs.:','textFeild',NULL),(111,15,26,'How much can you set aside ?','textFeild',NULL),(112,15,26,'At what age do you plan to retire ?','textFeild',NULL),(113,15,26,'Your retirement Date/Age :','textFeild',NULL),(114,15,26,'Spouse\'s retirement Date/Age :','textFeild',NULL),(115,15,26,'How do you feel about setting money aside for your retirement ?','textFeild',NULL),(116,15,26,'Saving and accumulation gole : ','textFeild',NULL),(117,15,26,'Date of next salary review :','textFeild',NULL),(118,15,26,'Anticipated Increase :','textFeild',NULL),(119,15,27,'What do you want your life insurance to do for you ?','textFeild',NULL),(120,15,27,'How do you feel about life insurance on other family members ?','table',NULL),(121,15,27,'Medical Insurance(Your) :','textFeild',NULL),(122,15,27,'Medical Insurance(Spouse\'s) :','textFeild',NULL),(123,15,27,'Car Insurance Expiration Date :','textFeild',NULL),(124,15,27,'Homeowners Insurance Expiration Date :','textFeild',NULL),(125,15,28,'Indicate whether an asset exists and its current value if known. Use estimates where values are not known.','table',NULL),(126,15,29,'liabilities calculations','table',NULL),(127,15,32,'Do you know how much you\'will need in retirement to maintain your lifestyle ?','textFeild',NULL),(128,15,32,'How long do you want your money to last ?','textFeild',NULL),(129,15,32,'Are you concerned with running out of money in retirement ?','textFeild',NULL),(130,15,32,'What concerns you most about your retirement lifestyle ?','textFeild',NULL),(131,15,32,'Have you considerde what a chronic medical condition could do to your retirement or estate ?','textFeild',NULL),(132,15,32,'Priority needs (protection/Accumulation/Distribution)','checkBox',NULL),(133,15,33,'Expensess','table',NULL),(134,15,33,'Income','table',NULL),(135,15,33,'How much required equates to Income from personal savings :','textFeild',NULL),(136,15,33,'How much do you need to save annually ?','textFeild',NULL),(137,15,33,'Total saving Today for Retirement :','textFeild',NULL),(138,15,33,'What is the total retirement savings at retirement as we said you would need? Rs. :','textFeild',NULL),(139,15,33,'At Retirement that amount will grow to  :','textFeild',NULL),(140,15,33,'Additional saving between now and retirement (Subtract C from B):','textFeild',NULL),(141,15,33,'What if you don\'t have time ?','textFeild',NULL),(142,15,33,'Have you considered what a chronic medical condition could do to your retirement or estate ?','textFeild',NULL),(143,15,30,'Count total cash','table',NULL),(144,15,31,'The typical income objective in order to permit a family to \"remain in their own world\" after a death of a wage earner is based upon 70% of currentincome. Assumption is the mortgage on residence is paid or a rent fund has been established and educational expense are provide for separately.','table',NULL),(203,33,54,'Policy No/proposal No : ','textFeild',1),(204,33,54,'Name of the Life Assured/Proposer/Applicant  :','textFeild',2),(205,33,55,'Full Name of the Claimant :','textFeild',1),(206,33,55,'Address :','textFeild',2),(207,33,55,'Occupation :','textFeild',3),(208,33,55,'Age :','textFeild',4),(209,33,55,'Type of Critical Illness :','textFeild',5),(210,33,56,'qqqqqq','radioButton',1),(211,33,58,' Date of onset of the illness ','textFeild',1),(212,33,59,'Date of onset of the illness','textFeild',2),(213,33,58,' How long did you have the symptoms before you consulted a Medical Practitioner? ','textArea',2),(214,33,58,' Have you previously suffered from, or received treatment for, a similar or related illness? If yes       Please provide details ','textArea',3),(215,33,58,' Have you ever undergone any surgical procedure for above mentioned illness? If Yes please provide  Date of surgery and Name and address of the hospital. ','textArea',4),(216,33,60,' Date of first visit to the doctor:','textFeild',3),(217,33,59,' Date of last visit to the doctor:','textFeild',3),(218,33,59,'Name and Address of Family Physician :','textFeild',4),(219,33,59,' Name and Address of the last Medical Practitioner. ','textArea',5),(220,33,59,'Give below the details of any doctors or specialist who have been consulted in connection with Your illness: (Name, Address and  Dates of consultation)','textArea',6),(221,33,59,'Are you insured for similar benefits with any other Company. If \"yes\" please provide Name of the Insurer , Policy No and  Type of insurance . ','textArea',7),(222,34,60,'Policy No/Proposal No : ','textFeild',1),(223,34,61,'Full name of the claimant:','textFeild',1),(224,34,61,' Address: .','textArea',2),(225,34,61,'NIC No : ','textFeild',3),(226,34,61,'Mobile No :','textFeild',4),(227,34,61,'Residence :','textFeild',5),(228,34,61,'Relationship with Life Assured :','textFeild',6),(229,34,63,'Full name of the Life Assured:','textFeild',1),(230,34,63,'Cause of death :','textFeild',2),(231,34,63,'Date of the death:','textFeild',3),(232,34,63,'Time of death: ','textFeild',4),(233,34,63,'Place of death :','textFeild',5),(234,34,63,'Last employer/ Place of employment :','textFeild',6),(235,34,64,'Please provide the names, address and telephone numbers of all physicians, hospitals or other medical sources, who treated Life Assured during the last illness/accident and within the last 5 years.','table',1),(236,34,66,'Provide the following details in the table','table',1),(238,34,65,'Date of accident:','textFeild',2),(239,34,65,'Time of accident:','textFeild',2),(240,34,65,'Place of accident:','textFeild',3),(241,34,65,' Details of the accident:','textFeild',4),(242,34,65,'Inquest / Post Mortem been done? (If yes  please submit certified copies of same. )','checkBox',5),(244,36,67,'Policy No :','textFeild',1),(245,36,67,'Claim No :','textFeild',2),(246,36,68,'Name of the Life Assured :','textFeild',3),(247,36,70,'Name of the Life Assured :','textFeild',1),(248,36,70,'Address :','textArea',2),(249,36,70,'Contact Number/s :','textFeild',3),(250,36,70,'E-Mail Address :','textFeild',4),(251,36,71,'Full Name of the Claimant :','textFeild',1),(252,36,71,'Relationship to Life Assured :','textFeild',2),(253,36,72,'Name and Address of the hospital :','textFeild',3),(254,36,72,'Name & Address of the hospital :','textArea',4),(255,36,72,'Date and Time of Admission :','textFeild',5),(256,36,72,'Date & time of the Discharge','textFeild',6),(257,36,72,'Dates of treatment taken at the Intensive Care Unit (if applicable)','textFeild',7),(258,36,74,'Date of the Accident :','textFeild',1),(259,36,74,'Time of the Accident :','textFeild',2),(260,36,74,'Where did it occure ?','textFeild',3),(261,36,74,'How did it occure ?','textFeild',4),(262,36,74,'Nature and extent of injury :(Please  submit original police entry if a complaint made)','textFeild',5),(263,36,75,'Date of onset of illness :','textFeild',1),(264,36,75,'Nature of illness/symptoms :','textFeild',2),(265,36,75,'Are you still undergoing treatment for this illness ? If \"yes\" Please give details ','textArea',3),(266,36,75,'For how  long the Claimant been having the symptoms prior to first adminsson ?Please state the symptoms as well ','textFeild',4),(267,36,76,'If \"yes\" please give details :','textArea',1),(268,36,77,'Full Name  of the account holder :','textArea',1),(269,36,77,'Bank Name :','textFeild',2),(270,36,77,'Branch :','textFeild',3),(271,36,67,'Full name of the claimant :','textArea',3),(272,36,67,'NIC  :','textFeild',4),(273,37,78,'Policy No :','textFeild',1),(274,37,78,'Policy Holder\'s Name :','textFeild',2),(275,37,79,'Full name of the Claimant :','textArea',1),(276,37,79,'Address :','textArea',2),(277,37,79,'Contact No :','textFeild',3),(278,37,79,'Occupation :','textFeild',4),(279,37,80,'Date and time of accident :','textFeild',1),(280,37,80,'When did it occur :','textFeild',2),(281,37,80,'How did it occur :','textFeild',3),(282,37,80,'Nature & extent of injury  :','textFeild',4),(283,37,80,'Have you made a complaint to the police:','checkBox',5),(284,37,81,' Date of diagnosis ','textFeild',1),(285,37,81,' When did the symptoms manifest? (please give full details of the symptoms as well): ','textArea',2),(286,37,81,'Have you previously suffered or received treatment for related illnesses? (please give full details including the relevant reports):   ','textArea',3),(287,37,82,' Have you been able to perform any work since the event of disability? ','textFeild',1),(288,37,82,' When did you return to the office/ workplace? ','textFeild',2),(289,37,82,' What aspect of disability prevents you from returning to work? (If applicable):','textFeild',3),(290,37,82,' Please provide name & address of your workplace: ','textFeild',4),(291,37,82,' Please provide names and addresses of the doctors who have been consulted in connection with your disability :  ','textArea',5),(292,37,78,'Full Name of the claimant  :','textFeild',3),(293,37,78,'N.I.C. No.','textFeild',4),(294,38,83,'Name of Proposer : ','textFeild',2),(295,38,83,'Address : ','textFeild',3),(296,38,83,'Brief description of Employment or   Occupation/profession ','textFeild',4),(297,38,83,'Position of proposer in the Company and financial interest if any ','textFeild',5),(298,38,83,' Period, proposer has been in    Employment, please state present monthly   salary (If less than 3 years state previous   occupation) ','textFeild',6),(299,38,83,'Is the proposer in permanent   employment ?','textFeild',7),(300,38,83,' Net annual remuneration of employment   during the 3 financial years immediately   preceding the date of this form','textFeild',8),(301,38,83,' Does the proposer have any other source of    income?Landed Property Agriculture    Investment etc.','textFeild',9),(302,38,84,'Date of application:','textFeild',1),(303,38,84,'Amount of loan: ','textFeild',2),(304,38,84,'Will this policy if issued be pledged as    collateral security?','textFeild',3),(305,39,85,'Name of proposer :','textFeild',2),(306,39,85,'Address :','textFeild',3),(307,39,85,'What is the nature of your business and from what  address is it principally carried out?','textFeild',4),(308,39,85,' How long has it been established?','textFeild',5),(309,39,85,'  What is your exact role in the operation of the  business?','textFeild',6),(310,39,86,'Full-time:','textFeild',1),(311,39,86,'Part-time :','textFeild',2),(312,39,86,'Seasonally: ','textFeild',3),(313,39,87,'Give last 3  years values only. ','table',1),(314,39,87,'Do you have any other sources of income?','textFeild',2),(315,40,88,'Proposal Number : ','textFeild',1),(316,40,88,'NIC Number ','textFeild',2),(317,40,88,'Purpose of insurance','textFeild',3),(318,40,88,'Occupation Details ','checkBox',4),(319,40,88,'Occupation Details is Others, please specify ','textFeild',5),(320,40,89,'Annual Income from all sources (Latest 3 years):','table',1),(321,33,55,'Date of Birth','textFeild',6),(322,40,90,'Nature of Business: ','textFeild',1),(323,40,90,'Name and Address of the Company:','textArea',2),(324,40,90,'Share holding or profit sharing percentage: ','textFeild',3),(325,40,90,'Name of Auditor :','textFeild',4),(326,40,90,'CA Membership No:','textFeild',5),(327,40,90,'Balances for the year ending 31 st March','table',6),(328,40,91,'Balances as on 31 st  March','table',1),(329,40,92,'Assets','table',1),(330,40,92,'Liabilities','table',2),(331,40,93,'Properties owned including the Primary residence, please indicate the following :','table',1),(332,40,94,'Please check the following fields.','checkBox',1),(333,40,94,'Specify the list of documents verified','textArea',2),(334,40,95,'Any additional comments which would help in reviewing this proposal :','textArea',1),(335,40,95,'Recommendations from the Regional Manager for the applied cover: (Please provide maximum details about  the proposer/insured. These would help our underwriters while assessing the risk)','textArea',2),(336,41,96,'Proposal No : ','textFeild',1),(337,41,96,'Name of Applicant :','textFeild',2),(338,41,96,'Are you satisfied with the identity of the applicant?','checkBox',3),(339,41,96,'When the Asthma Condition was first diagnosed ?','textFeild',4),(340,41,96,' Did your patient only suffer from Juvenile Asthma and/or has he/she been free of any symptoms for the  last 10 years? ','checkBox',5),(341,41,97,'How would you classify your patient\'s Asthma?','checkBox',1),(342,41,97,' What investigations were made?','table',2),(343,41,97,' Are there any related additional complicating factors/ circumstances or triggers?','checkBox',3),(344,41,97,'If Yes, please describe the details.','textArea',4),(345,41,98,'When was the treatments commenced?','datePicker',1),(346,41,98,' How often the patient consults a physician for this condition and the last date of consultation.','textArea',2),(347,41,98,' Has he ever been hospitalized or treated in an ICU for this condition?','checkBox',3),(348,41,98,'If Yes, please provide relevant details with dates and diagnosis tickets.','textArea',4),(349,41,98,' What form of therapy/ drugs patient received earlier?','table',5),(350,41,98,' What therapy/ drugs your patient currently receiving?','table',6),(351,41,98,' Have your patient ever treated with oral corticosteroids or received tracheal intubation or mechanical ventilation?','checkBox',7),(352,41,98,'If Yes, please provide relevant details:','textArea',8),(353,41,98,'If treatment has been discontinued please give date of cessation.','datePicker',9),(354,41,98,'Are there any evidences/history of noncompliance to therapy or poor control of said impairment ?','checkBox',10),(355,41,99,' Frequency of symptoms','textFeild',1),(356,41,99,' Date of last attack ','datePicker',2),(357,41,99,'Duration of an attack','textFeild',3),(358,41,99,' Number of attacks had in the last two years','textFeild',4),(359,41,99,' Total Number of attacks','textFeild',5),(360,41,99,'Condition be considered as','checkBox',6),(361,41,99,'Condition has at any time necessitated significant periods off work? ','checkBox',7),(362,41,99,'If Yes, please provide relevant dates.','textArea',8),(363,41,99,'Condition restricted him/ her from any activity in any way (e.g. at work)?','checkBox',9),(364,41,99,' Suffer from any other complications or diseases?','checkBox',10),(365,41,99,'If Yes, please provide relevant dates','textArea',11),(366,41,100,'','textArea',1),(367,42,101,'Proposal No : ','textFeild',1),(368,42,101,'Name of Applicant','textFeild',1),(370,42,101,'When was your patient first noted to be hypertensive','textFeild',2),(371,42,101,'What was the blood pressure at that time','textFeild',3),(372,42,101,'Have investigations been made to determine the cause?','checkBox',4),(373,42,101,'If \'Yes\' what were the results and final diagnosis','textArea',5),(374,42,101,'Has treatment with the antihypertensive or other drugs been given? ','checkBox',6),(375,42,102,'When did treatment commence?','textFeild',1),(376,42,102,'What was the average Blood Pressure immediately prior to treatment','textFeild',2),(377,42,102,'Please give the subsequent level','textFeild',3),(378,42,102,'Please give the current Blood pressure level','textFeild',4),(379,42,102,'What drugs are being taken?','textFeild',5),(380,42,102,'dosage','textFeild',6),(381,42,102,'Does your patient adhere strictly to the prescribed treatment ?','textFeild',7),(382,42,102,' Is the condition considered to be satisfactory controlled ?','checkBox',8),(383,42,103,' Have any complications of hypertension ever been noted?','checkBox',1),(384,42,103,'If \'Yes\' ,please give details including the dates and duration of any time off work','textArea',2),(385,42,103,'Please give the dates and results of any Chest X-Ray or other tests  that have been performed since treatment was started?','textArea',3),(386,43,104,'Proposal No : ','textFeild',1),(387,43,104,'Name of Applicant ','textFeild',2),(388,43,104,'Please describe the nature of the pain (e.g. was the pain sharp,  dull, crushing, vice-like, just a vague discomfort)','textFeild',3),(389,43,104,' Describe the location of the pain (central or on one side of the  chest)','textArea',4),(390,43,104,' Did the pain radiate outside the chest e.g. to the shoulders, arms,  jaws or stomach ?','textFeild',5),(391,43,104,'What were the patient doing when the pain started (at rest or  engaged in some activity) ?','textFeild',6),(392,43,104,'  When did the pain / attack first occur?','datePicker',7),(393,43,104,'Were there any subsequent attacks? ','checkBox',8),(394,43,104,'If yes, please provide dates :','datePicker',9),(395,43,104,' Have your patient been consulted a for this condition to above applicant ?','checkBox',10),(396,43,105,'Date ','datePicker',1),(397,43,105,'Name and details of doctor','textArea',2),(398,43,105,'Diagnosis ','textFeild',3),(399,43,105,' Were there any investigations done ?','checkBox',4),(400,43,106,'Date','datePicker',1),(401,43,106,'Type of investigation','textFeild',2),(402,43,106,'Results','textFeild',3),(403,43,107,' What was the final diagnosis ?','textFeild',1),(404,43,107,' Have  ever been hospitalized for this condition ?','checkBox',2),(405,43,107,'If Yes, please provide relevant details :','textArea',3),(406,43,107,' Have your patient had any surgery for this condition or plan to have surgery ?','checkBox',4),(407,43,107,'If yes, please provide details :','textArea',5),(408,43,108,'Current treatment :','textFeild',1),(409,43,108,' Past treatment (if different to the current  treatment) :','textFeild',2),(410,43,108,' Do your patient  have any restriction of physical activity ?','checkBox',3),(411,43,108,'If yes, please provide details :','textArea',4),(412,43,108,'  Is follow up recommended ?','checkBox',5),(413,43,108,'If yes, please provide details :','textArea',6),(414,44,109,'Proposal No : ','textFeild',1),(415,44,109,'Name of Applicant ','textFeild',2),(416,44,109,'When was your patient diabetes first diagnosed ?','datePicker',3),(417,44,109,'Name and Address of doctor/clinic now treating you for diabetes :','textArea',4),(418,44,109,' How often do your patient attend doctor/clinic for monitoring of  condition and what was the date of  last consultation?','textFeild',5),(419,44,110,'Do your patient take oral medication (tablets) ?','checkBox',1),(420,44,110,'If yes please provide name of the drug and the dosage ?','textArea',2),(421,44,110,'Do your patient take Insulin ?','checkBox',3),(422,44,110,' If yes please state type of Insulin  and dosage (including number of times daily) ?','textArea',4),(423,44,110,'Has your patient treatment, intake, Insulin or oral drugs  varied during the last two years ?','checkBox',5),(424,44,110,' If yes please provide full details ?','textArea',6),(425,44,111,' How often test blood or urine for sugar (glucose)?','textFeild',1),(426,44,111,'Please indicate usual test result for blood glucose :','textFeild',2),(427,44,111,' Please indicate usual test result for urine glucose :','textFeild',3),(428,44,112,'Does your patients follow a strict diet ?','checkBox',1),(429,44,112,'  Please provide the dates and results of  last two HbA1C tests if  known :','textArea',2),(430,44,112,' Have your patient ever had any of the following ?','checkBox',3),(431,44,112,'    If yes please provide full details.','textArea',4),(432,44,112,'Since  the treatment began, have ever had a diabetic or insulin coma ?','checkBox',5),(433,44,112,'If yes please provide full details including dates:','textArea',6),(434,44,112,'Have  been off work with diabetes?','checkBox',7),(435,44,112,'  If yes please give full details to include dates and time off work.','textArea',8),(436,45,113,'Proposal No :','textFeild',1),(437,45,113,' Name of Applicant :','textFeild',2),(438,45,113,'Are you satisfied with the identity of the applicant? ','textFeild',4),(439,45,114,' When your patient did first experienced Epilepsy?','datePicker',1),(440,45,114,'What were the symptoms ?','textFeild',2),(441,45,115,' What was the precise diagnosis?','checkBox',1),(442,45,116,'When was this condition first diagnosed? ','datePicker',1),(443,45,116,'What investigations were made (including any EEGs or blood tests)?','table',2),(444,45,116,' Has a cause for the epilepsy been established? ','checkBox',3),(445,45,116,'If Yes, please mention the details.','textArea',4),(446,45,116,' Are there any related or additional complicating factors? ','checkBox',5),(447,45,116,'If Yes, please mention the additional factor and details.','textArea',6),(448,45,116,'Did the symptoms arise in response to certain circumstances/ triggers(e.g. alcohol, stress or prolonged anxiety)','checkBox',7),(449,45,116,'If Yes, please describe these circumstances','textArea',8),(450,45,117,' When was the treatments commenced? ','datePicker',1),(451,45,117,'How often the patient consults a physician for this condition and the last date of consultation','textFeild',2),(452,45,117,' Has he ever been hospitalized for this condition?','checkBox',3),(453,45,117,'If Yes, please provide relevant details with dates and diagnosis tickets.','textArea',4),(454,45,117,' What form of therapy/ drugs patient received earlier?','table',5),(455,45,117,'What therapy/ drugs your patient currently receiving?','table',6),(456,45,117,' If treatment has been discontinued please give date of cessation.','datePicker',7),(457,45,117,'Are there any evidences/ history of noncompliance to therapy or poor control of said impairment?','checkBox',8),(458,45,118,' Frequency of symptoms','textFeild',1),(459,45,118,'Date of last attack ','datePicker',2),(460,45,118,' Duration of an attack ','textFeild',3),(461,45,118,'Number of attacks had in the last two years  ','textFeild',4),(462,45,118,'Total Number of attacks','textFeild',5),(463,45,118,'Attacks occur mainly at night?','textFeild',6),(464,45,118,' Condition be considered as','checkBox',7),(465,45,118,'Condition has at any time necessitated significant periods off work?','checkBox',8),(466,45,118,'If Yes, please provide relevant dates.','textArea',9),(467,45,118,' Condition restricted him/ her from any activity in any way (e.g. at work)? ','checkBox',10),(468,45,118,'Do you suffer from any other complications or diseases?  ','checkBox',11),(469,45,118,'If Yes, please provide relevant dates.','textArea',12),(470,45,119,'','textArea',1),(471,45,113,'NIC No :','textFeild',3),(472,46,120,'Proposal No : ','textFeild',1),(473,46,120,'Name of Appicant :','textFeild',2),(474,46,121,'When did your patient first show signs of having  respiratory disease?','datePicker',1),(475,46,121,'What were the symptoms?','textFeild',2),(476,46,122,'What was the precise diagnosis?','textFeild',1),(477,46,122,'When and following what investigations was this made?','textFeild',2),(478,46,122,'Are there any related or additional complicating factors, e.g.  hyper tension, smoking?','textFeild',3),(479,46,123,'When and with what form of therapy did treatment  commence?','textArea',1),(480,46,123,'Have any surgical procedures been carried out? ','textFeild',2),(481,46,123,'In each instance please specify date, type and duration: ','textArea',3),(482,46,123,'What therapy is your patient currently receiving?','textFeild',4),(483,46,124,'Please describe your patient\'s present condition,  including reference to the severity of the disease and  frequency of  symptoms :','textArea',1),(484,46,124,'Can your patient\'s condition be considered stable, improving or  deteriorating?','textFeild',2),(485,46,124,'I f available, please provide the results of al l respiratory  function tests within the last two years :','textArea',3),(486,46,125,'Give your remarks/observations.','textArea',1),(487,47,126,'Proposal No : ','textFeild',1),(488,47,126,'Name of Applicant : ','textFeild',2),(489,47,126,'  Which professional activities do you perform, e.g. scheduled  flights, company aircraft or chartered flights etc.? ','textFeild',3),(490,47,126,'  If you are an employee, please give the name and details of your  employer: ','textArea',4),(491,47,126,' What kind of commercial flight activities do you practice?','checkBox',5),(492,47,126,' If your answer available for above \'Gliding flight/sailplane\', please fill in respective  Pastimes Questionnaire','textArea',6),(493,47,126,' What type of license do you hold, e.g. fixed wing or rotary? Please  give details about date of issue, potential limitations etc.','textArea',7),(494,47,126,'Are you a student pilot/ please give details about training: type of  aircraft, presumably date of graduation. ','textArea',8),(495,47,126,' Are you an instructor? Please give details about  training  provided   by you (type of aircraft, flight-activities)','textArea',9),(496,47,126,'Please tell us how many hours, on average, you fly per annum:','table',10),(497,47,126,'Do you fly in any other capacity?','textFeild',11),(498,47,126,'If so, please provide full details, i.e. type of aircraft, numbers of hours flown per annum :','textArea',12),(499,47,126,'Are you involved in any of the following types of  flying :','checkBox',13),(500,47,126,'If yes, please tell us the type of aircraft flown, number of flights per annum and nature of the flying, e.g. aerobatics, stunts, etc.','textArea',14),(501,47,127,'Type of aircraft flown ','textFeild',1),(502,47,127,'Number of flights/hours per annum','textFeild',2),(503,47,127,'Nature of the flying','textFeild',3),(504,47,128,' Have you already suffered accidents in practice of the flights?','checkBox',1),(505,47,128,'If yes, please provide details :','textArea',2),(506,47,128,' Which result showed the last airworthiness examination?','textFeild',3),(507,48,129,'Proposal No :','textFeild',1),(508,48,129,'Name of Applicant :','textFeild',2),(509,48,129,'When did you start the present  business? ','datePicker',3),(510,48,130,'Apart from you how many Partners involved in the business?','textFeild',1),(511,48,130,' Apart from you how many Employees involved in the business?','textFeild',2),(512,48,129,' Where do you conduct the business?','checkBox',4),(513,48,129,' Address & contact details of the place  of business.','textArea',5),(514,48,129,' How is the capital requirement for the  business is being provided?','checkBox',6),(515,48,129,'Please give details  for the above  capital requirement.','textArea',7),(516,48,131,' What is the value of goods in your  business?','textFeild',1),(517,48,131,'What is the nature of your business?(Selling grocery items or any other, please give details)','textArea',2),(518,48,131,' What is your daily income?','textFeild',3),(519,49,132,'Proposal No : ','textFeild',1),(520,49,132,'Name of Applicant : ','textFeild',2),(521,49,132,'NIC No : ','textFeild',3),(522,49,132,'Please state your specific Occupation (e.g. Captain,  Engineer) and give details Of your duties :','textArea',4),(523,49,132,'  Please indicate the size (Gross tonnage) and Type of  vessel you work On :','textFeild',5),(524,49,132,'  In which country is the Vessel registered and who Owns  it ?','textFeild',6),(525,49,132,' In what waters & between What ports does the vessel  Operate?','textFeild',7),(526,49,132,'Is it likely that the  Vessel may operate in any   Politically sensitive areas?','textFeild',8),(527,50,133,'Proposal No  : ','textFeild',1),(528,50,133,'Name of the Applicant : ','textFeild',2),(529,50,133,'Do you race a car or motorcycle?','textFeild',3),(530,50,133,' What type of motor vehicle do you use? (e.g.  motocross, stock-car, enduro, grass lane, sand  lane, speedway). ','textFeild',4),(531,50,133,'Are you an amateur or professional driver/rider?','textFeild',5),(532,50,133,' What type of license do you hold and how long  have you held a competition license?','textFeild',6),(533,50,133,' Are you a member of any racing organization? If  yes, please advise the name of the organization  and the number of membership years?','textFeild',7),(534,50,133,' What type of races do you participate in? Please  specify the name, category, location, etc. ','textFeild',8),(535,50,133,' How many races do you compete in per annum?','textFeild',9),(536,50,133,' Do you participate in or intend to participate in  record attempts or the like?','textFeild',10),(537,50,133,' Has your license ever been suspended? If so, why  / how often / for how long?','textFeild',11),(538,51,134,'Proposal No :','textFeild',1),(539,51,134,'Name of the Applicant : ','textFeild',2),(540,51,134,' What is your current country of residence?','textFeild',3),(541,51,134,' Please provide full residential and business addresses :','textArea',4),(542,51,134,' What is the legal basis of your stay in your current country of  residence?','textFeild',5),(543,51,134,' Please give details of the country/countries you intend to travel to or reside in, over the next three years?  ','table',6),(544,51,134,' Will you have travel and health insurance coverage?','checkBox',7),(545,51,134,' Please give a brief description of the environment where you will be  staying e.g. major towns or cities with good living conditions and  access to good healthcare facilities: ','textArea',8),(546,51,134,'Do you intend to travel internally within the country/countries you are visiting or resident in?','checkBox',9),(547,51,134,'  If Yes please provide details of your type of accommodation, how you will be travelling and where to:','textArea',10),(548,51,134,' Please describe your occupation and the duties involved in your  occupation (to include travel to remote areas, physical activity and  any other special hazards you are exposed to):  ','textArea',11),(549,52,135,'Proposal/Policy Number :','textFeild',1),(550,52,135,'Date :','datePicker',2),(551,52,135,'Full Name of Proposer/ Policyholder Mr./Ms./Mrs','textFeild',3),(552,52,135,'NIC Number','textFeild',4),(554,52,135,'Contact Numbers','table',5),(555,53,136,'Life Insurance Policy No : ','textFeild',1),(556,53,136,'Name of the Policy holder:  ','textFeild',2),(557,53,137,'Select the revival type.','checkBox',1),(558,53,136,'Type of Revival','checkBox',3),(559,53,136,' Continuation of covers','checkBox',4),(560,53,136,'Attached herewith the following documents. (Please mark in the relevant documents submitted) ','checkBox',5),(561,53,136,'Monthly/Quarterly/Half Yearly/Yearly Premium paid Rs:','textFeild',6),(562,54,138,'Proposal No/Policy No :','textFeild',1),(563,54,138,'Full Name :','textFeild',2),(564,54,138,'Nominated person/s','table',3),(565,55,139,'Proposal No/ Policy No :','textFeild',1),(566,55,139,'Name of Life Assured :','textFeild',2),(567,55,139,'Occupation with nature of duties.','textFeild',3),(580,55,150,'Questions to be answered.','table',1),(583,34,60,'Name of the proposer/Name of the applicant :','textFeild',2),(590,39,85,'Proposal No :','textFeild',1),(591,38,83,'Policy No :','textFeild',1),(592,33,156,'Please give the signature.','signature',1),(595,59,158,'Which of the following types of insurance do you currently have? (Check all that apply) ','checkBox',1),(596,59,158,'Which type of insurance is most important to you?','checkBox',3),(597,59,158,'Which sources of information do you use when choosing an insurance agent? (Check all that apply)','checkBox',5),(598,59,158,'If Other please specify.','textFeild',4),(599,59,158,'Which source of information do you find most helpful when choosing an insurance agent?','checkBox',7),(600,59,158,'If Other, Please  specify.','textFeild',6),(601,59,158,'If other, Please specify.','textFeild',2),(602,59,158,'If other, Please specify.','textFeild',8);
/*!40000 ALTER TABLE `field_form` ENABLE KEYS */;
UNLOCK TABLES;

--
-- Table structure for table `form_assign_to_department`
--

DROP TABLE IF EXISTS `form_assign_to_department`;
/*!40101 SET @saved_cs_client     = @@character_set_client */;
/*!40101 SET character_set_client = utf8 */;
CREATE TABLE `form_assign_to_department` (
  `id` int(11) NOT NULL AUTO_INCREMENT,
  `form_id` int(11) DEFAULT NULL,
  `form_name` varchar(45) DEFAULT NULL,
  `department` longtext,
  `exam_start_date` date DEFAULT NULL,
  `exam_end_date` date DEFAULT NULL,
  PRIMARY KEY (`id`)
) ENGINE=InnoDB AUTO_INCREMENT=24 DEFAULT CHARSET=utf8;
/*!40101 SET character_set_client = @saved_cs_client */;

--
-- Dumping data for table `form_assign_to_department`
--

LOCK TABLES `form_assign_to_department` WRITE;
/*!40000 ALTER TABLE `form_assign_to_department` DISABLE KEYS */;
INSERT INTO `form_assign_to_department` VALUES (1,15,'Financial Need Analysis (Life)','Branch Life','2016-10-10','2016-12-28'),(2,33,'CIB Claim Form','Branch Life',NULL,NULL),(3,34,'Claimants statement E','Branch Life','2016-10-02','2016-10-28'),(4,36,'HB And FSEB Claim Forms','Branch Life','2016-10-02','2016-10-28'),(5,37,'TPD PPD claim form','Branch Life','2016-10-02','2016-10-28'),(6,38,'Financial - Quest - Employed Proposer','Branch Life','2016-10-02','2016-10-28'),(7,39,'Financial Quest Self Employed Proposer','Branch Life','2016-10-04','2016-10-28'),(8,40,'Financial Quest Regional Manager Report','Branch Life','2016-10-02','2016-10-29'),(9,41,'ASTHMA QUESTIONNAIRE','Branch Life','2016-10-02','2016-10-28'),(10,42,'BLOOD PRESSURE QUESTIONNAIRE','Branch Life','2016-10-02','2016-10-28'),(11,43,'CHEST PAIN QUESTIONNAIRE','Branch Life','2016-10-02','2016-10-26'),(12,44,'DIABETES QUESTIONNAIRE','Branch Life','2016-10-02','2016-10-28'),(13,45,'EPILEPSY QUESTIONNAIRE','Branch Life','2016-10-02','2016-10-28'),(14,46,'Respiratory Disease Questionnaire','Branch Life','2016-10-02','2016-10-20'),(15,47,'Aviation Supplementary Statement','Branch Life','2016-10-02','2016-10-28'),(16,48,'Businessmen Questionnaire','Branch Life','2016-10-02','2016-10-28'),(17,49,'Merchant Marine Supplementary Statements','Branch Life','2016-10-02','2016-10-28'),(18,50,'Motor Racing Questionnaire','Branch Life','2016-10-02','2016-10-28'),(19,51,'Travel and Residence Questionnaire','Branch Life','2016-10-02','2016-10-28'),(20,52,'SPECIMEN SIGNATURE FORM','Branch Life','2016-10-02','2016-10-28'),(21,53,'REVIVAL REQUEST FORM','Branch Life','2016-10-16','2016-11-30'),(22,54,'Nomination Form','Branch Life','2016-10-02','2016-11-25'),(23,55,'Declaration of Good Healh','Branch Life','2016-10-02','2016-11-25');
/*!40000 ALTER TABLE `form_assign_to_department` ENABLE KEYS */;
UNLOCK TABLES;

--
-- Table structure for table `form_assignment_users`
--

DROP TABLE IF EXISTS `form_assignment_users`;
/*!40101 SET @saved_cs_client     = @@character_set_client */;
/*!40101 SET character_set_client = utf8 */;
CREATE TABLE `form_assignment_users` (
  `id` int(11) NOT NULL AUTO_INCREMENT,
  `user_name` varchar(45) DEFAULT NULL,
  `form_id` int(11) DEFAULT NULL,
  `user_access` varchar(45) DEFAULT NULL,
  `exam_done_date` date DEFAULT NULL,
  `form_status` tinyint(4) DEFAULT '0',
  `update_status` int(11) DEFAULT NULL,
  `turn` int(11) DEFAULT NULL,
  PRIMARY KEY (`id`)
) ENGINE=InnoDB AUTO_INCREMENT=94 DEFAULT CHARSET=utf8;
/*!40101 SET character_set_client = @saved_cs_client */;

--
-- Dumping data for table `form_assignment_users`
--

LOCK TABLES `form_assignment_users` WRITE;
/*!40000 ALTER TABLE `form_assignment_users` DISABLE KEYS */;
INSERT INTO `form_assignment_users` VALUES (81,'dulari@allianz.lk',15,'special','2016-09-29',1,NULL,1),(82,'jayomir@allianz.lk',15,'special','2016-10-06',1,1,1),(83,'jayomir@allianz.lk',15,'special','2016-09-29',1,0,2),(84,'1Nli97',15,'public','2016-09-30',1,0,1),(85,'1Nli97',15,'public','2016-09-30',1,0,2),(86,'1Nli97',15,'public','2016-09-30',1,0,3),(87,'1Nli97',15,'public','2016-09-30',1,0,4),(88,'NjnB26',15,'public','2016-09-30',1,NULL,1),(89,'1ShGjN',15,'public','2016-09-30',1,NULL,1),(90,'qBsttP',15,'public','2016-09-30',1,NULL,1),(91,'UBvemo',15,'public','2016-09-30',1,NULL,1),(92,'jayomir@allianz.lk',15,'special','2016-10-04',1,0,3),(93,'YcHOSH',15,'public','2016-10-05',1,NULL,1);
/*!40000 ALTER TABLE `form_assignment_users` ENABLE KEYS */;
UNLOCK TABLES;

--
-- Table structure for table `main_form`
--

DROP TABLE IF EXISTS `main_form`;
/*!40101 SET @saved_cs_client     = @@character_set_client */;
/*!40101 SET character_set_client = utf8 */;
CREATE TABLE `main_form` (
  `form_id` int(11) NOT NULL AUTO_INCREMENT,
  `form_name` longtext NOT NULL,
  `form_description` longtext,
  `form_type` varchar(45) DEFAULT NULL,
  `form_access_type` varchar(45) DEFAULT NULL,
  `duration` varchar(45) DEFAULT NULL,
  `pass_mark` int(11) DEFAULT NULL,
  `form_publish_type` tinyint(1) DEFAULT '0',
  `form_start_date` date DEFAULT NULL,
  `form_end_date` date DEFAULT NULL,
  PRIMARY KEY (`form_id`)
) ENGINE=InnoDB AUTO_INCREMENT=60 DEFAULT CHARSET=utf8;
/*!40101 SET character_set_client = @saved_cs_client */;

--
-- Dumping data for table `main_form`
--

LOCK TABLES `main_form` WRITE;
/*!40000 ALTER TABLE `main_form` DISABLE KEYS */;
INSERT INTO `main_form` VALUES (1,'General Knowledge','Online Test 1','mcq','public','01:00:00',8,0,'2016-08-12','2017-08-12'),(14,'General Knowledge quiz online Test','Question 1 of 10 in General Knowledge Quiz','mcq','public','00:45:00',8,0,'2016-08-12','2017-08-12'),(15,'Financial Need Analysis (Life)','Financial Need Analysis','Analysis Structure','public',NULL,NULL,1,'2016-08-12','2017-08-12'),(33,'CIB Claim Form','Claim Form for critical Illness','Analysis Structure','special','0:60:60',0,1,'2016-08-12','2017-08-12'),(34,'Claimants statement E','Claimants statement','Analysis Structure','special','0:60:60',0,1,'2016-08-12','2017-08-12'),(36,'HB And FSEB Claim Forms','Hospitalization/Family Surgical Expenses Benefit - Claim Form','Analysis Structure','special','0:60:60',0,1,'2016-08-12','2017-08-12'),(37,'TPD PPD claim form','Total/Partial and Permanent disability claim form','Analysis Structure','special','0:60:60',0,1,'2016-08-12','2017-08-12'),(38,'Financial - Quest - Employed Proposer','QUESTIONAIRE FOR EMPLOYED PROPOSERS ','Analysis Structure','special','0:60:60',0,1,'2016-08-12','2017-08-12'),(39,'Financial Quest Self Employed Proposer','Financial Supplementary Statement  (For Self-Employed Persons) ','Analysis Structure','special','0:60:60',0,1,'2016-08-12','2017-08-12'),(40,'Financial Quest Regional Manager Report','Company Name Assessment Form for the Clients','Analysis Structure','special','0:60:60',0,1,'2016-08-12','2017-08-12'),(41,'ASTHMA QUESTIONNAIRE','Medical','Analysis Structure','special','0:60:60',0,1,'2016-08-12','2017-08-12'),(42,'BLOOD PRESSURE QUESTIONNAIRE','Medical','Analysis Structure','special','0:60:60',0,1,'2016-08-12','2017-08-12'),(43,'CHEST PAIN QUESTIONNAIRE','Medical','Analysis Structure','special','0:60:60',0,1,'2016-08-12','2017-08-12'),(44,'DIABETES QUESTIONNAIRE','Medical','Analysis Structure','special','0:60:60',0,1,'2016-08-12','2017-08-12'),(45,'EPILEPSY QUESTIONNAIRE','Medical','Analysis Structure','special','0:60:60',0,1,'2016-08-12','2017-08-12'),(46,'Respiratory Disease Questionnaire','Medical','Analysis Structure','special','0:60:60',0,1,'2016-08-12','2017-08-12'),(47,'Aviation Supplementary Statement','Occupation, Residence and Travel','Analysis Structure','special','0:60:60',0,1,'2016-08-12','2017-08-12'),(48,'Businessmen Questionnaire','Occupation, Residence and Travel','Analysis Structure','special','0:60:60',0,1,'2016-08-12','2017-08-12'),(49,'Merchant Marine Supplementary Statements','Occupation, Residence and Travel','Analysis Structure','special','0:60:60',0,1,'2016-08-12','2017-08-12'),(50,'Motor Racing Questionnaire','Occupation, Residence and Travel','Analysis Structure','special','0:60:60',0,1,'2016-08-12','2017-08-12'),(51,'Travel and Residence Questionnaire','Occupation, Residence and Travel','Analysis Structure','special','0:60:60',0,1,'2016-08-12','2017-08-12'),(52,'SPECIMEN SIGNATURE FORM','Servicing','Analysis Structure','special','0:60:60',0,1,'2016-08-12','2017-08-12'),(53,'REVIVAL REQUEST FORM','Servicing','Analysis Structure','special','0:60:60',0,1,'2016-08-12','2017-08-12'),(54,'Nomination Form','Servicing','Analysis Structure','special','0:60:60',0,1,'2016-08-12','2017-08-12'),(55,'Declaration of Good Healh','Servicing','Analysis Structure','special','0:60:60',0,1,'2016-08-12','2017-08-12'),(59,'Insurance Customer Feedback Form','Insurance Customer Feedback','Analysis Structure','special','0:60:60',0,0,NULL,NULL);
/*!40000 ALTER TABLE `main_form` ENABLE KEYS */;
UNLOCK TABLES;

--
-- Table structure for table `predifine_answer`
--

DROP TABLE IF EXISTS `predifine_answer`;
/*!40101 SET @saved_cs_client     = @@character_set_client */;
/*!40101 SET character_set_client = utf8 */;
CREATE TABLE `predifine_answer` (
  `question_id` int(11) NOT NULL,
  `field_type` longtext,
  `pre_values` longtext,
  `correct_answer` longtext,
  PRIMARY KEY (`question_id`)
) ENGINE=InnoDB DEFAULT CHARSET=utf8;
/*!40101 SET character_set_client = @saved_cs_client */;

--
-- Dumping data for table `predifine_answer`
--

LOCK TABLES `predifine_answer` WRITE;
/*!40000 ALTER TABLE `predifine_answer` DISABLE KEYS */;
INSERT INTO `predifine_answer` VALUES (1,'radioButton','[\"348\",\"349\",\"350\",\"351\"]','350'),(2,'radioButton','[\"Scientists\",\"Movie actors\",\"Sports Coaches\",\"Sportsmen\"]','Sportsmen'),(3,'radioButton','[\"Dadabhai Naoroji\",\" Mothilal Nehru\",\"Mahathma Gandhi\",\" Gopalakrishna Gokhale\"]','Mahathma Gandhi'),(4,'radioButton','[\"1954\",\"1955\",\"1956\",\"1957\"]','1956'),(5,'radioButton','[\"increase\",\"decrease\",\"first increase and then decrease\",\" remain unchanged\"]',' remain unchanged'),(6,'radioButton','[\" Hindi\",\"Arabic\",\"Persian\",\"Turkish\"]','Arabic'),(7,'radioButton','[\"Ampere\",\"Faraday\",\"Fleming\",\"Edison\"]','Faraday'),(8,'radioButton','[\"Australia\",\"India\",\"Malaysia\",\"Myanmar\"]','Malaysia'),(9,'radioButton','[\"One tier System\",\"Two tier System\",\"Three tier System\",\"Four tier System\"]','Two tier System'),(10,'radioButton','[\"Bihar\",\"Punjab\",\"Andhra Pradesh\",\"Uttar Pradesh\"]','Bihar'),(19,'checkBox','[\"giyeya\r\",\"giyaya\r\",\"giyoya\r\",\"giyemi\"]',''),(24,'checkBox','[\"a\",\"b\",\"c\",\"d\"]',NULL),(25,'radioButton','[\"1\",\"2\",\"3\"]',NULL),(26,'radioButton','[\"q\",\"x\",\"y\"]',NULL),(27,'dropDown','[\"A\",\"B\",\"C\"]',NULL),(28,'dropDown','[\"12H\",\"10H\",\"24H\",\"36H\"]',NULL),(29,'textFeild','[\"\"]',NULL),(30,'textFeild','[\"\"]',NULL),(31,'radioButton','[\"A\",\"B\",\"C\",\"D\"]','B'),(32,'radioButton','[\"c\",\"d\",\"e\",\"f\"]','c'),(33,'radioButton','[\"x\",\"y\",\"z\"]','y'),(34,'radioButton','[\"a\",\"b\",\"c\",\"rt\"]','rt'),(35,'radioButton','[\"A. Hang Kong\",\"B. China\",\"C. Bhutan\",\"D. Japan\"]','C. Bhutan'),(36,'radioButton','[\"Kuala Lumpur\",\"Hanga Roa\",\"Pyongyang\",\"Rangoon\"]','Hanga Roa'),(37,'radioButton','[\"Maldives\",\"Seychells\",\"Madagascar\",\"Sri Lanka\"]','Sri Lanka'),(38,'radioButton','[\"1912\",\"1920\",\"1922\",\"1899\"]','1912'),(39,'radioButton','[\"Barrak Obama\",\"Viadimir Putin\",\"Liu Xiaoba\",\"Mahinda Rajapaksha\"]','Liu Xiaoba'),(40,'radioButton','[\"Hosni Mubarak\",\"Omar Suleinman\",\"Abdul Azeez\",\"Ahamed Nabeel\"]','Omar Suleinman'),(41,'radioButton','[\"Indo Air\",\"Indonesian Airlines\",\"Garuda Indonisia\",\"Malayan Airways\"]','Garuda Indonisia'),(42,'radioButton','[\"Bandaranaike International Airport  Katunayake  Sri Lankaka\",\"King Abdul Azeez International Airport Jedda  Saudi Arabial\",\"Heathrow International Airport Landon  United Kingdom\",\"John Fitzgerald Kennedy International Airport  New York  USA\",\"Changi International Airport  Singapore\"]','King Abdul Azeez International Airport Jedda Saudi Arabial'),(43,'radioButton','[\"Kathmandu\",\"Thimpu\",\"La Pas\",\"Mexico City\"]','La Pas'),(44,'radioButton','[\"Delhi\",\"Beljing\",\"Bangkok\",\"Tokyo\"]','Tokyo'),(65,'table','<table id=\"clientinfo\" class=\"table table-striped\"> <thead> <tr> <th></th> <th>Name</th> <th>Birth Date</th> <th>Health/Smoke</th> </tr> </thead> <tbody> <tr> <td>Client A</td> <td><input type=\"text\" id=\"clientinfo_0\" name=\"clientinfo_0\" value=\"\"></td> <td><input type=\"text\" id=\"clientinfo_1\" name=\"clientinfo_1\" value=\"\" class=\"bdate\"></td> <td><input type=\"text\" id=\"clientinfo_2\" name=\"clientinfo_2\" value=\"\"></td> </tr> <tr> <td>Client B</td> <td><input type=\"text\" id=\"clientinfo_3\" name=\"clientinfo_3\" value=\"\"></td> <td><input type=\"text\" id=\"clientinfo_4\" name=\"clientinfo_4\" value=\"\" class=\"bdate\"></td> <td><input type=\"text\" id=\"clientinfo_5\" name=\"clientinfo_5\" value=\"\"></td> </tr> </tbody> </table>','<table id=\"clientinfo\" class=\"table table-striped\"><thead><tr><th></th><th>Name</th><th>Birth Date</th><th>Health/Smoke</th></tr></thead><tbody><tr><td>Client A</td><td><input type=\"text\" id=\"clientinfo00\" name=\"clientinfo00\" value=\"name 1\"/></td><td><input type=\"text\" id=\"clientinfo01\" name=\"clientinfo01\" value=\"birthday\"/></td><td><input type=\"text\" id=\"clientinfo02\" name=\"clientinfo02\" value=\"helth\"/></td></tr><tr><td>Client A</td><td><input type=\"text\" id=\"clientinfo10\" name=\"clientinfo10\" value=\"name2\"/></td><td><input type=\"text\" id=\"clientinfo11\" name=\"clientinfo11\" value=\"birthday\"/></td><td><input type=\"text\" id=\"clientinfo12\" name=\"clientinfo12\" value=\"health\" /></td></tr></tbody></table>'),(66,'table','<table id=\"childrenInfo\" class=\"table table-striped\"><thead><tr><th></th><th>Name</th><th>Birth Date</th><th>Health/Smoke</th></tr></thead><tbody><tr><td>children 1</td><td><input type=\"text\" id=\"childrenInfo00\" name=\"childrenInfo0\"/></td><td><input type=\"text\" id=\"childrenInfo01\" name=\"childrenInfo1\" class=\"bdate\" /></td><td><input type=\"text\" id=\"childrenInfo02\" name=\"childrenInfo2\"/></td></tr><tr><td>children 2</td><td><input type=\"text\" id=\"childrenInfo3\" name=\"childrenInfo3\" /></td><td><input type=\"text\" id=\"childrenInfo11\" name=\"childrenInfo4\" class=\"bdate\"/></td><td><input type=\"text\" id=\"childrenInfo5\" name=\"childrenInfo5\" /></td></tr><tr><td>children 3</td><td><input type=\"text\" id=\"childrenInfo6\" name=\"childrenInfo6\"/></td><td><input type=\"text\" id=\"childrenInfo21\" name=\"childrenInfo7\" class=\"bdate\"/></td><td><input type=\"text\" id=\"childrenInfo22\" name=\"childrenInfo8\"/></td></tr><tr><td>children 4</td><td><input type=\"text\" id=\"childrenInfo30\" name=\"childrenInfo9\"  /></td><td><input type=\"text\" id=\"childrenInfo31\" name=\"childrenInfo10\" class=\"bdate\"/></td><td><input type=\"text\" id=\"childrenInfo32\" name=\"childrenInfo11\" /></td></tr></tbody></table>','<table class=\"table table-striped\"><thead><tr><th></th><th>Name</th><th>Birth Date</th><th>Health/Smoke</th></tr></thead><tbody><tr><td>children 1</td><td><input type=\"text\" id=\"childrenInfo00\" name=\"childrenInfo00\" value=\"name 1\"/></td><td><input type=\"text\" id=\"childrenInfo01\" name=\"childrenInfo01\" value=\"birthdate\" /></td><td><input type=\"text\" id=\"childrenInfo02\" name=\"childrenInfo02\" value=\"health\"/></td></tr><tr><td>children 2</td><td><input type=\"text\" id=\"childrenInfo10\" name=\"childrenInfo10\" value=\"name 2\"/></td><td><input type=\"text\" id=\"childrenInfo11\" name=\"childrenInfo11\" value=\"birthdate\" /></td><td><input type=\"text\" id=\"childrenInfo12\" name=\"childrenInfo12\" value=\"health\"/></td></tr><tr><td>children 3</td><td><input type=\"text\" id=\"childrenInfo20\" name=\"childrenInfo20\" value=\"name 3\"/></td><td><input type=\"text\" id=\"childrenInfo21\" name=\"childrenInfo21\" value=\"birthdate\"/></td><td><input type=\"text\" id=\"childrenInfo22\" name=\"childrenInfo22\" value=\"health\"/></td></tr><tr><td>children 4</td><td><input type=\"text\" id=\"childrenInfo30\" name=\"childrenInfo30\" value=\"name4\" /></td><td><input type=\"text\" id=\"childrenInfo31\" name=\"childrenInfo31\" value=\"birthdate\"/></td><td><input type=\"text\" id=\"childrenInfo32\" name=\"childrenInfo32\" value=\"health\"/></td></tr></tbody></table>'),(67,'textFeild','[\"\"]',NULL),(68,'textFeild','[\"\"]',NULL),(69,'textFeild','[\"\"]',NULL),(70,'textFeild','[\"\"]',NULL),(71,'textFeild','[\"\"]',NULL),(72,'checkBox','[\"Own Home\",\"Renting\"]',NULL),(73,'textFeild','[\"\"]',NULL),(74,'textFeild','[\"\"]',NULL),(75,'textFeild','[\"\"]',NULL),(76,'checkBox','[\"Yes\",\"No\"]',NULL),(77,'textFeild','[\"\"]',NULL),(78,'textFeild','[\"\"]',NULL),(79,'checkBox','[\"Yes\",\"No\"]',NULL),(80,'checkBox','[\"Yes\",\"No\"]',NULL),(81,'textFeild','[\"\"]',NULL),(82,'textFeild','[\"\"]',NULL),(83,'checkBox','[\"Yes\",\"No\"]',NULL),(84,'checkBox','[\"Yes\",\"No\"]',NULL),(85,'textFeild','[\"\"]',NULL),(86,'textFeild','[\"\"]',NULL),(87,'checkBox','[\"Yes\",\"No\"]',NULL),(88,'textFeild','[\"\"]',NULL),(89,'textFeild','[\"\"]',NULL),(90,'textFeild','[\"\"]',NULL),(91,'textFeild','[\"\"]',NULL),(92,'textFeild','[\"\"]',NULL),(93,'textFeild','[\"\"]',NULL),(94,'textFeild','[\"\"]',NULL),(95,'textFeild','[\"\"]',NULL),(96,'textFeild','[\"\"]',NULL),(97,'textFeild','[\"\"]',NULL),(98,'textFeild','[\"\"]',NULL),(99,'textFeild','[\"\"]',NULL),(100,'textFeild','[\"\"]',NULL),(101,'textFeild','[\"\"]',NULL),(102,'textFeild','[\"\"]',NULL),(103,'textFeild','[\"\"]',NULL),(104,'textFeild','[\"\"]',NULL),(105,'textFeild','[\"Yes\",\"No\"]',NULL),(106,'textFeild','[\"\"]',NULL),(107,'textFeild','[\"\"]',NULL),(108,'textFeild','[\"\"]',NULL),(109,'textFeild','[\"\"]',NULL),(110,'textFeild','[\"\"]',NULL),(111,'textFeild','[\"\"]',NULL),(112,'textFeild','[\"\"]',NULL),(113,'textFeild','[\"\"]',NULL),(114,'textFeild','[\"\"]',NULL),(115,'textFeild','[\"\"]',NULL),(116,'textFeild','[\"\"]',NULL),(117,'textFeild','[\"\"]',NULL),(118,'textFeild','[\"\"]',NULL),(119,'textFeild','[\"\"]',NULL),(120,'table','<table id=\"insuranceInfo\" class=\"table tableinput\"> <thead> <tr> <th style=\"width:30%\">Life Insured</th> <th>Company</th> <th>Policy No.</th> <th>Date</th> <th>Amount</th> <th>Type</th> <th>Premium</th> <th>Beneficiary</th> <th>Owner</th> <th>Cash</th> <th>Value</th> <th>Dividend</th> <th>Status</th> </tr> </thead> <tbody> <tr> <td><input type=\"text\" name=\"insuranceInfo0\" placeholder=\"Life Insured\" /></td> <td><input type=\"text\" name=\"insuranceInfo1\" placeholder=\"company\" /></td> <td><input type=\"number\" name=\"insuranceInfo2\" placeholder=\"Policy No.\" /></td> <td><input type=\"text\" name=\"insuranceInfo3\" placeholder=\"date\" class=\"bdate\" /></td> <td><input type=\"number\" name=\"insuranceInfo4\" placeholder=\"amount\" step=\"any\"/></td> <td><input type=\"text\" name=\"insuranceInfo5\" placeholder=\"type\" /></td> <td><input type=\"number\" name=\"insuranceInfo6\" placeholder=\"premium\" step=\"any\"/></td> <td><input type=\"text\" name=\"insuranceInfo7\" placeholder=\"beneficiary\" /></td> <td><input type=\"text\" name=\"insuranceInfo8\" placeholder=\"owner\" /></td> <td><input type=\"number\" name=\"insuranceInfo9\" placeholder=\"cash\" step=\"any\"/></td> <td><input type=\"number\" name=\"insuranceInfo10\" placeholder=\"value\" step=\"any\"/></td> <td><input type=\"number\" name=\"insuranceInfo11\" placeholder=\"dividend\" step=\"any\" /></td> <td><input type=\"text\" name=\"insuranceInfo12\" placeholder=\"status\" /></td> </tr> <tr> <td><input type=\"text\" name=\"insuranceInfo13\" placeholder=\"Life Insured\" /></td> <td><input type=\"text\" name=\"insuranceInfo14\" placeholder=\"company\" /></td> <td><input type=\"number\" name=\"insuranceInfo15\" placeholder=\"Policy No.\" /></td> <td><input type=\"text\" name=\"insuranceInfo16\" placeholder=\"date\" class=\"bdate\" /></td> <td><input type=\"number\" name=\"insuranceInfo17\" placeholder=\"amount\" step=\"any\"/></td> <td><input type=\"text\" name=\"insuranceInfo18\" placeholder=\"type\" /></td> <td><input type=\"number\" name=\"insuranceInfo19\" placeholder=\"premium\" step=\"any\"/></td> <td><input type=\"text\" name=\"insuranceInfo20\" placeholder=\"beneficiary\" /></td> <td><input type=\"text\" name=\"insuranceInfo21\" placeholder=\"owner\" /></td> <td><input type=\"number\" name=\"insuranceInfo22\" placeholder=\"cash\" step=\"any\" /></td> <td><input type=\"number\" name=\"insuranceInfo23\" placeholder=\"value\" step=\"any\"/></td> <td><input type=\"number\" name=\"insuranceInfo24\" placeholder=\"dividend\" step=\"any\" /></td> <td><input type=\"text\" name=\"insuranceInfo25\" placeholder=\"status\" /></td> </tr> <tr> <td><input type=\"text\" name=\"insuranceInfo26\" placeholder=\"Life Insured\" /></td> <td><input type=\"text\" name=\"insuranceInfo27\" placeholder=\"company\" /></td> <td><input type=\"number\" name=\"insuranceInfo28\" placeholder=\"Policy No.\" /></td> <td><input type=\"text\" name=\"insuranceInfo29\" placeholder=\"date\" class=\"bdate\" /></td> <td><input type=\"number\" name=\"insuranceInfo30\" placeholder=\"amount\" step=\"any\" /></td> <td><input type=\"text\" name=\"insuranceInfo31\" placeholder=\"type\" /></td> <td><input type=\"number\" name=\"insuranceInfo32\" placeholder=\"premium\" step=\"any\"  /></td> <td><input type=\"text\" name=\"insuranceInfo33\" placeholder=\"beneficiary\" /></td> <td><input type=\"text\" name=\"insuranceInfo34\" placeholder=\"owner\" /></td> <td><input type=\"number\" name=\"insuranceInfo35\" placeholder=\"cash\" step=\"any\"  /></td> <td><input type=\"number\" name=\"insuranceInfo36\" placeholder=\"value\" step=\"any\"  /></td> <td><input type=\"number\" name=\"insuranceInfo37\" placeholder=\"dividend\" step=\"any\"  /></td> <td><input type=\"text\" name=\"insuranceInfo38\" placeholder=\"status\" /></td> </tr> <tr> <td><input type=\"text\" name=\"insuranceInfo39\" placeholder=\"Life Insured\" /></td> <td><input type=\"text\" name=\"insuranceInfo40\" placeholder=\"company\" /></td> <td><input type=\"number\" name=\"insuranceInfo41\" placeholder=\"Policy No.\" /></td> <td><input type=\"text\" name=\"insuranceInfo42\" placeholder=\"date\" class=\"bdate\" /></td> <td><input type=\"number\" name=\"insuranceInfo43\" placeholder=\"amount\" step=\"any\" /></td> <td><input type=\"text\" name=\"insuranceInfo44\" placeholder=\"type\" /></td> <td><input type=\"number\" name=\"insuranceInfo45\" placeholder=\"premium\" step=\"any\" /></td> <td><input type=\"text\" name=\"insuranceInfo46\" placeholder=\"beneficiary\" /></td> <td><input type=\"text\" name=\"insuranceInfo47\" placeholder=\"owner\" /></td> <td><input type=\"number\" name=\"insuranceInfo48\" placeholder=\"cash\" step=\"any\"/></td> <td><input type=\"number\" name=\"insuranceInfo49\" placeholder=\"value\" step=\"any\" /></td> <td><input type=\"number\" name=\"insuranceInfo50\" placeholder=\"dividend\" step=\"any\" /></td> <td><input type=\"text\" name=\"insuranceInfo51\" placeholder=\"status\" /></td> </tr> <tr> <td><input type=\"text\" name=\"insuranceInfo52\" placeholder=\"Life Insured\" /></td> <td><input type=\"text\" name=\"insuranceInfo53\" placeholder=\"company\" /></td> <td><input type=\"number\" name=\"insuranceInfo54\" placeholder=\"Policy No.\" /></td> <td><input type=\"text\" name=\"insuranceInfo55\" placeholder=\"date\" class=\"bdate\" /></td> <td><input type=\"number\" name=\"insuranceInfo56\" placeholder=\"amount\" step=\"any\" /></td> <td><input type=\"text\" name=\"insuranceInfo57\" placeholder=\"type\" /></td> <td><input type=\"text\" name=\"insuranceInfo58\" placeholder=\"premium\" step=\"any\"/></td> <td><input type=\"text\" name=\"insuranceInfo59\" placeholder=\"beneficiary\" /></td> <td><input type=\"text\" name=\"insuranceInfo60\" placeholder=\"owner\" /></td> <td><input type=\"text\" name=\"insuranceInfo61\" placeholder=\"cash\" step=\"any\"/></td> <td><input type=\"text\" name=\"insuranceInfo62\" placeholder=\"value\" step=\"any\"/></td> <td><input type=\"text\" name=\"insuranceInfo63\" placeholder=\"dividend\" step=\"any\" /></td> <td><input type=\"text\" name=\"insuranceInfo64\" placeholder=\"status\" /></td> </tr> </tbody> </table>',NULL),(121,'textFeild','[\"\"]',NULL),(122,'textFeild','[\"\"]',NULL),(123,'textFeild','[\"\"]',NULL),(124,'textFeild','[\"\"]',NULL),(125,'table','<table id=\"asset\" class=\"table table-striped\"> <thead> <tr> <th>Asset</th> <th>Client A</th> <th>Client B</th> </tr> </thead> <tbody> <tr> <td>Cash</td> <td><input type=\"number\" name=\"client_0\" placeholder=\"cash\" value=\"test\" step=\"any\"/></td> <td><input type=\"number\" name=\"client_1\" placeholder=\"cash\" value=\"test\" step=\"any\"/></td> </tr> <tr> <td>Bank Accounts/CDs</td> <td><input type=\"number\" name=\"client_2\" placeholder=\"bank account\" step=\"any\"/></td> <td><input type=\"number\" name=\"client_3\" placeholder=\"bank account\" step=\"any\"/></td> </tr> <tr> <td>Personal Property (Non Liquid)</td> <td><input type=\"number\" name=\"client_4\" placeholder=\"Personal Property\" step=\"any\"/></td> <td><input type=\"number\" name=\"client_5\" placeholder=\"Personal Property\" step=\"any\"/></td> </tr> <tr> <td>Stocks</td> <td><input type=\"number\" name=\"client_6\" placeholder=\"Stocks\" step=\"any\"/></td> <td><input type=\"number\" name=\"client_7\" placeholder=\"Stocks\" step=\"any\"/></td> </tr> <tr> <td>Bonds (Corporate & Government)</td> <td><input type=\"number\" name=\"client_8\" placeholder=\"Bonds\" step=\"any\"/></td> <td><input type=\"number\" name=\"client_9\" placeholder=\"Bonds\" step=\"any\"/></td> </tr> <tr> <td>Tax Free Bonds</td> <td><input type=\"number\" name=\"client_10\" placeholder=\"Tax Free Bonds\" step=\"any\"/></td> <td><input type=\"number\" name=\"client_11\" placeholder=\"Tax Free Bonds\" step=\"any\"/></td> </tr> <tr> <td>Real Estate Residence(Net of mortgage)</td> <td><input type=\"number\" name=\"client_12\" placeholder=\"Real Estate Residence\" step=\"any\"/></td> <td><input type=\"number\" name=\"client_13\" placeholder=\"Real Estate Residence\" step=\"any\"/></td> </tr> <tr> <td>Other Real Estate</td> <td><input type=\"number\" name=\"client_14\" placeholder=\"Other Real Estate\" step=\"any\"/></td> <td><input type=\"number\" name=\"client_15\" placeholder=\"Other Real Estate\" step=\"any\"/></td> </tr> <tr> <td>Business Interest</td> <td><input type=\"number\" name=\"client_16\" placeholder=\"Business Interest\" step=\"any\"/></td> <td><input type=\"number\" name=\"client_17\" placeholder=\"Business Interest\" step=\"any\"/></td> </tr> <tr> <td>Insurance Cash Values</td> <td><input type=\"number\" name=\"client_18\" placeholder=\"Insurance Cash Values\" step=\"any\"/></td> <td><input type=\"number\" name=\"client_19\" placeholder=\"Insurance Cash Values\" step=\"any\"/></td> </tr> <tr> <td>Pension Fund</td> <td><input type=\"number\" name=\"client_20\" placeholder=\"Pension Fund\" step=\"any\"/></td> <td><input type=\"number\" name=\"client_21\" placeholder=\"Pension Fund\" step=\"any\"/></td> </tr> <tr> <td>Other Assets</td> <td><input type=\"number\" name=\"client_22\" placeholder=\"Other Assets\" step=\"any\" /></td> <td><input type=\"number\" name=\"client_23\" placeholder=\"Other Assets\" step=\"any\" /></td> </tr> <tr> <td>Other Assets</td> <td><input type=\"number\" name=\"client_24\" placeholder=\"Other Assets\" step=\"any\"/></td> <td><input type=\"number\" name=\"client_25\" placeholder=\"Other Assets\" step=\"any\"/></td> </tr> <tr> <td>Other Assets</td> <td><input type=\"number\" name=\"client_26\" placeholder=\"Other Assets\" step=\"any\"/></td> <td><input type=\"number\" name=\"client_27\" placeholder=\"Other Assets\" step=\"any\"/></td> </tr> <tr> <td>Total</td> <td><input type=\"number\" name=\"client_28\" placeholder=\"total\" totalA=\"0\" step=\"any\" disabled=\"disabled\" /></td> <td><input type=\"number\" name=\"client_29\" placeholder=\"total\" totalB=\"0\" step=\"any\" disabled=\"disabled\" /></td> </tr> </tbody> </table>',NULL),(126,'table','<table id=\"liabilities\" class=\"table table-striped\"> <thead> <tr> <th>Liabilities</th> <th>Client A</th> <th>Client B</th> </tr> </thead> <tbody> <tr> <td>Mortgage/Residence</td> <td><input type=\"number\" name=\"liability_0\" placeholder=\"Mortgage/Residence\" step=\"any\"/></td> <td><input type=\"number\" name=\"liability_1\" placeholder=\"Mortgage/Residence\" step=\"any\"/></td> </tr> <tr> <td>Mortgage/Other</td> <td><input type=\"number\" name=\"liability_2\" placeholder=\"Mortgage/Other\" step=\"any\"/></td> <td><input type=\"number\" name=\"liability_3\" placeholder=\"Mortgage/Other\" step=\"any\"/></td> </tr> <tr> <td>Auto Loan(s)</td> <td><input type=\"number\" name=\"liability_4\" placeholder=\"Auto Loan(s)\" step=\"any\"/></td> <td><input type=\"number\" name=\"liability_5\" placeholder=\"Auto Loan(s)\" step=\"any\"/></td> </tr> <tr> <td>Credit Card debt</td> <td><input type=\"number\" name=\"liability_6\" placeholder=\"Credit Card debt\" step=\"any\"/></td> <td><input type=\"number\" name=\"liability_7\" placeholder=\"Credit Card debt\" step=\"any\"/></td> </tr> <tr> <td>Debts/Notes</td> <td><input type=\"number\" name=\"liability_8\" placeholder=\"Debts/Notes\" step=\"any\"/></td> <td><input type=\"number\" name=\"liability_9\" placeholder=\"Debts/Notes\" step=\"any\"/></td> </tr> <tr> <td>Other Debt Obligations</td> <td><input type=\"number\" name=\"liability_10\" placeholder=\"Other Debt Obligations\" step=\"any\"/></td> <td><input type=\"number\" name=\"liability_11\" placeholder=\"Other Debt Obligations\" step=\"any\"/></td> </tr> <tr> <td>Total</td> <td><input type=\"number\" name=\"liability_12\" placeholder=\"total\" totalA=\"0\" step=\"any\" disabled=\"disabled\"/></td> <td><input type=\"number\" name=\"liability_13\" placeholder=\"total\" totalB=\"0\" step=\"any\" disabled=\"disabled\"/></td> </tr> </tbody> </table>',NULL),(127,'textFeild','[\"\"]',NULL),(128,'textFeild','[\"\"]',NULL),(129,'textFeild','[\"\"]',NULL),(130,'textFeild','[\"\"]',NULL),(131,'textFeild','[\"\"]',NULL),(132,'checkBox','[\"Provide financial security for your family\",\"Education fund\",\"Replace earnings lost of disability\",\"Retirement fund\",\"Start saving plan\",\"Protect saving & retirement fund\",\"Medical expences\",\"Business Continuation\"]',NULL),(133,'table','<table id=\"expensess\" class=\"table table-striped\"> <thead> <tr> <th>Expenses</th> <th>Amount Today</th> <th>Amount in Retirement</th> </tr> </thead> <tbody> <tr> <td>Mortgage or rent</td> <td><input type=\"number\" name=\"expensess_0\" placeholder=\"Mortgage or rent\" step=\"any\"/></td> <td><input type=\"number\" name=\"expensess_1\" placeholder=\"Mortgage or rent\" step=\"any\"/></td> </tr> <tr> <td>Food</td> <td><input type=\"number\" name=\"expensess_2\" placeholder=\"Food\" step=\"any\"/></td> <td><input type=\"number\" name=\"expensess_3\" placeholder=\"Food\" step=\"any\"/></td> </tr> <tr> <td>Traveling</td> <td><input type=\"number\" name=\"expensess_4\" placeholder=\"Traveling\" step=\"any\"/></td> <td><input type=\"number\" name=\"expensess_5\" placeholder=\"Traveling\" step=\"any\"/></td> </tr> <tr> <td>Car & Home Insurance</td> <td><input type=\"number\" name=\"expensess_6\" placeholder=\"Car & Home Insurance\" step=\"any\"/></td> <td><input type=\"number\" name=\"expensess_7\" placeholder=\"Car & Home Insurance\" step=\"any\"/></td> </tr> <tr> <td>Health Insurance</td> <td><input type=\"number\" name=\"expensess_8\" placeholder=\"Health Insurance\" step=\"any\"/></td> <td><input type=\"number\" name=\"expensess_9\" placeholder=\"Health Insurance\" step=\"any\"/></td> </tr> <tr> <td>Non-covered Health Costs</td> <td><input type=\"number\" name=\"expensess_10\" placeholder=\"Non-covered Health Costs\" step=\"any\"/></td> <td><input type=\"number\" name=\"expensess_11\" placeholder=\"Non-covered Health Costs\" step=\"any\"/></td> </tr> <tr> <td>Debt Repayment</td> <td><input type=\"number\" name=\"expensess_12\" placeholder=\"Debt Repayment\" step=\"any\"/></td> <td><input type=\"number\" name=\"expensess_13\" placeholder=\"Debt Repayment\" step=\"any\"/></td> </tr> <tr> <td>Utility Bills(Electricity/Water/Telephone)</td> <td><input type=\"number\" name=\"expensess_14\" placeholder=\"Utility Bills\" step=\"any\"/></td> <td><input type=\"number\" name=\"expensess_15\" placeholder=\"Utility Bills\" step=\"any\"/></td> </tr> <tr> <td>Festivals</td> <td><input type=\"number\" name=\"expensess_16\" placeholder=\"Festivals\" step=\"any\"/></td> <td><input type=\"number\" name=\"expensess_17\" placeholder=\"Festivals\" step=\"any\"/></td> </tr> <tr> <td>Donations</td> <td><input type=\"number\" name=\"expensess_18\" placeholder=\"Donations\" step=\"any\"/></td> <td><input type=\"number\" name=\"expensess_19\" placeholder=\"Donations\" step=\"any\"/></td> </tr> <tr> <td>Entertainment/Travel</td> <td><input type=\"number\" name=\"expensess_20\" placeholder=\"Entertainment/Travel\" step=\"any\"/></td> <td><input type=\"number\" name=\"expensess_21\" placeholder=\"Entertainment/Travel\" step=\"any\"/></td> </tr> <tr> <td>Total</td> <td><input type=\"number\" name=\"expensess_22\" placeholder=\"total\" expensessA=\"0\" value=\"\" step=\"any\" readonly=\"readonly\"/></td> <td><input type=\"number\" name=\"expensess_23\" placeholder=\"total\" expensessB=\"0\" value=\"\" step=\"any\" readonly=\"readonly\"/></td> </tr> </tbody> </table>',NULL),(134,'table','<table id=\"income\" class=\"table table-striped\"> <thead> <tr> <th>Income</th> <th>Amount</th> </tr> </thead> <tbody> <tr> <td>Pension Plan</td> <td><input type=\"number\" name=\"income_0\" placeholder=\"Pension Plan\" step=\"any\"/></td> </tr> <tr> <td>EPF/ETF/MSPS</td> <td><input type=\"number\" name=\"income_1\" placeholder=\"EPF/ETF/MSPS\" step=\"any\"/></td> </tr> <tr> <td>Total Guaranteed Income</td> <td><input type=\"number\" name=\"income_2\" placeholder=\"Guaranteed Income\" step=\"any\"/></td> </tr> <tr> <td>Retirement Expensess</td> <td><input type=\"number\" name=\"income_3\" placeholder=\"Retirement Expensess\" step=\"any\"/></td> </tr> <tr> <td>Income needed from savings</td> <td><input type=\"number\" name=\"income_4\" placeholder=\"Income needed from savings\" step=\"any\"/></td> </tr> <tr> <td>Total</td> <td><input type=\"number\" name=\"income_5\" placeholder=\"total\" value=\"\" incomeA=\"0\" readonly=\"readonly\" step=\"any\" /></td> </tr> </tbody> </table> ',NULL),(135,'textFeild','[\"\"]',NULL),(136,'textFeild','[\"\"]',NULL),(137,'textFeild','[\"\"]',NULL),(138,'textFeild','[\"\"]',NULL),(139,'textFeild','[\"\"]',NULL),(140,'textFeild','[\"\"]',NULL),(141,'textFeild','[\"\"]',NULL),(142,'textFeild','[\"\"]',NULL),(143,'table','<table id=\"cashNeeds\" class=\"table table-striped\"> <thead> <tr> <th></th> <th>You</th> <th>Spouse</th> </tr> </thead> <tbody> <tr> <td>Immediate Money Fund: This funds is for bills presented after death, which will have to be paid. They may include: Medical expenses, Attorney/Executor feeds, Hospital expenses, Probate Court costs,Funeral expenses, Taxes. 50% of the total annual salary or income is usually recommended.</td> <td><input type=\"number\" name=\"cashNeeds_0\" placeholder=\"Rs: \" step=\"any\" /></td> <td><input type=\"number\" name=\"cashNeeds_1\" placeholder=\"Rs: \" step=\"any\"/></td> </tr> <tr> <td>Debt Liquidation: Credit Card balances, School loans, Auto Loans, Outstanding loans. 50% of the total annual salary or income is usually recommended.</td> <td><input type=\"number\" name=\"cashNeeds_2\" placeholder=\"Rs: \" step=\"any\"/></td> <td><input type=\"number\" name=\"cashNeeds_3\" placeholder=\"Rs: \" step=\"any\"/></td> </tr> <tr> <td>Emergency Found :This fund is for inexpected bills not readily payable from current income. Such things as: Major repairs to home or car, Medical emergencies, etc. Three to six months is usually recommended.</td> <td><input type=\"number\" name=\"cashNeeds_4\" placeholder=\"Rs: \" step=\"any\"/></td> <td><input type=\"number\" name=\"cashNeeds_5\" placeholder=\"Rs: \" step=\"any\"/></td> </tr> <tr> <td>Mortgage/Rent Fund : What would it take to pay off your mortgage today or what amount is sufficient for a ten year rent fund ?(Monthly rent * 120 months)</td> <td><input type=\"number\" name=\"cashNeeds_6\" placeholder=\"Rs: \" step=\"any\"/></td> <td><input type=\"number\" name=\"cashNeeds_7\" placeholder=\"Rs: \" step=\"any\"/></td> </tr> <tr> <td>Education Fund :(The estimated cost of a four year undergraduate education or comparable vocational training will vary by state and type of school.)</td> <td><input type=\"number\" name=\"cashNeeds_8\" placeholder=\"Rs: \" step=\"any\"/></td> <td><input type=\"number\" name=\"cashNeeds_9\" placeholder=\"Rs: \" step=\"any\"/></td> </tr> <tr> <td>Subtract total of current savings, other Liquid assets and existing life insurance</td> <td><input type=\"number\" name=\"cashNeeds_10\" placeholder=\"Rs: \" step=\"any\"/></td> <td><input type=\"number\" name=\"cashNeeds_11\" placeholder=\"Rs: \" step=\"any\"/></td> </tr> <tr> <td>New capital required</td> <td><input type=\"number\" name=\"cashNeeds_12\" placeholder=\"Rs: \" step=\"any\" /></td> <td><input type=\"number\" name=\"cashNeeds_13\" placeholder=\"Rs: \" step=\"any\"/></td> </tr> <tr> <td>Total</td> <td><input type=\"number\" name=\"cashNeeds_14\" placeholder=\"total\" value=\"0.0\" cashNeedsTotalA=\"0\" step=\"any\" disabled=\"disabled\" /></td> <td><input type=\"number\" name=\"cashNeeds_15\" placeholder=\"total\" value=\"0.0\" cashNeedsTotalB=\"0\" step=\"any\" disabled=\"disabled\"/></td> </tr> </tbody> </table>',NULL),(144,'table','<table id=\"incomeNeeds\" class=\"table table-striped\"> <thead> <tr> <th></th> <th>You</th> <th>Spouse</th> </tr> </thead> <tbody> <tr> <td>Present Income(total Income of both wage earners)</td> <td><input type=\"number\" name=\"incomeNeeds_0\" placeholder=\"Rs: \" step=\"any\"/></td> <td><input type=\"number\" name=\"incomeNeeds_1\" placeholder=\"Rs: \" step=\"any\"/></td> </tr> <tr> <td>At death of </td> <td><input type=\"number\" name=\"incomeNeeds_2\" placeholder=\"Rs: \" step=\"any\"/></td> <td><input type=\"number\" name=\"incomeNeeds_3\" placeholder=\"Rs: \" step=\"any\"/></td> </tr> <tr> <td>Income Objective(70% from annual income)</td> <td><input type=\"number\" name=\"incomeNeeds_4\" placeholder=\"Rs: \" step=\"any\"/></td> <td><input type=\"number\" name=\"incomeNeeds_5\" placeholder=\"Rs: \" step=\"any\"/></td> </tr> <tr> <td>Guaranteed Income</td> <td><input type=\"number\" name=\"incomeNeeds_6\" placeholder=\"Rs: \" step=\"any\"/></td> <td><input type=\"number\" name=\"incomeNeeds_7\" placeholder=\"Rs: \" step=\"any\"/></td> </tr> <tr> <td>Preliminary income shortage</td> <td><input type=\"number\" name=\"incomeNeeds_8\" placeholder=\"Rs: \" step=\"any\"/></td> <td><input type=\"number\" name=\"incomeNeeds_9\" placeholder=\"Rs: \" step=\"any\"/></td> </tr> <tr> <td>Ohter Income(If any)</td> <td><input type=\"number\" name=\"incomeNeeds_10\" placeholder=\"Rs: \" step=\"any\"/></td> <td><input type=\"number\" name=\"incomeNeeds_11\" placeholder=\"Rs: \" step=\"any\"/></td> </tr> <tr> <td>Total annual income shortage</td> <td><input type=\"number\" name=\"incomeNeeds_12\" placeholder=\"Rs: \" step=\"any\"/></td> <td><input type=\"number\" name=\"incomeNeeds_13\" placeholder=\"Rs: \" step=\"any\"/></td> </tr> <tr> <td>Amount of capital required to provide this income(Eg: Amount of capital required to provide this income = Total Annual income shortage * Assume Interest rate)</td> <td><input type=\"number\" name=\"incomeNeeds_14\" placeholder=\"Rs: \" step=\"any\"/></td> <td><input type=\"number\" name=\"incomeNeeds_15\" placeholder=\"Rs: \" step=\"any\"/></td> </tr> <tr> <td>Cash needs requirement</td> <td><input type=\"number\" name=\"incomeNeeds_16\" placeholder=\"Rs: \" step=\"any\"/></td> <td><input type=\"number\" name=\"incomeNeeds_17\" placeholder=\"Rs: \" step=\"any\"/></td> </tr> <tr> <td>Total New capital Required</td> <td><input type=\"number\" name=\"incomeNeeds_18\" placeholder=\"Rs: \" step=\"any\"/></td> <td><input type=\"number\" name=\"incomeNeeds_19\" placeholder=\"Rs: \" step=\"any\"/></td> </tr> <tr> <td>Total</td> <td><input type=\"number\" name=\"incomeNeeds_20\" placeholder=\"total\" incomeNeedsA=\"\" value=\"\" step=\"any\" readonly=\"readonly\"/></td> <td><input type=\"number\" name=\"incomeNeeds_21\" placeholder=\"total\" incomeNeedsB=\"\" value=\"\" step=\"any\" readonly=\"readonly\"/></td> </tr> </tbody> </table>',NULL),(203,'textFeild','',''),(204,'textFeild','',''),(205,'textFeild','[\"\"]',''),(206,'textFeild','[\"\"]',''),(207,'textFeild','[\"\"]',''),(208,'textFeild','[\"\"]',''),(209,'textFeild','[\"\"]',''),(210,'radioButton','[\"q\r\",\"b\r\",\"c\"]','c'),(211,'textFeild','',''),(212,'textFeild','',''),(213,'textArea','',''),(214,'textArea','',''),(215,'textArea','',''),(216,'textFeild','',''),(217,'textFeild','',''),(218,'textFeild','',''),(219,'textArea','',''),(220,'textArea','',''),(221,'textArea','',''),(222,'textFeild','',''),(223,'textFeild','[\"\"]',''),(224,'textArea','[\"\"]',''),(225,'textFeild','[\"\"]',''),(226,'textFeild','[\"\"]',''),(227,'textFeild','[\"\"]',''),(228,'textFeild','[\"\"]',''),(229,'textFeild','',''),(230,'textFeild','',''),(231,'textFeild','',''),(232,'textFeild','',''),(233,'textFeild','',''),(234,'textFeild','',''),(235,'table','<table id=\"Claimants_statement_E_table1\" class=\"table table-striped\">  <tbody>   <tr></tr>  </tbody>  <thead>   <tr>    <th>Name of Doctor and hospital</th>    <th>Contact Number</th>    <th>Date of first consultation</th>    <th>Treatments taken</th>   </tr>  </thead>  <tbody>   <tr>    <td><input type=\"text\" name=\"claimants_statement_E1_0\" value=\"\"></td>    <td><input type=\"text\" name=\"claimants_statement_E1_1\" value=\"\"></td>    <td><input type=\"text\" name=\"claimants_statement_E1_2\" value=\"\" class=\"bdate\"></td>    <td><input type=\"text\" name=\"claimants_statement_E1_3\" value=\"\"></td>   </tr>   <tr>    <td><input type=\"text\" name=\"claimants_statement_E1_4\" value=\"\"></td>    <td><input type=\"text\" name=\"claimants_statement_E1_5\" value=\"\"></td>    <td><input type=\"text\" name=\"claimants_statement_E1_6\" value=\"\" class=\"bdate\"></td>    <td><input type=\"text\" name=\"claimants_statement_E1_7\" value=\"\"></td>   </tr>   <tr>    <td><input type=\"text\" name=\"claimants_statement_E1_8\" value=\"\"></td>    <td><input type=\"text\" name=\"claimants_statement_E1_9\" value=\"\"></td>    <td><input type=\"text\" name=\"claimants_statement_E1_10\" value=\"\" class=\"bdate\"></td>    <td><input type=\"text\" name=\"claimants_statement_E1_11\" value=\"\"></td>   </tr>  </tbody> </table>',NULL),(236,'table','<table id=\"Claimants_statement_E_table2\" class=\"table table-striped\"><tr><thead><th>Policy No:</th><th>Name of Insurer </th><th>Sum assured</th><th>Date of commencement</th></thead></tr><tbody><tr><td><input type=\"text\" name=\"claimants_statement_E2_0\" /></td><td><input type=\"text\" name=\"claimants_statement_E2_1\" /></td><td><input type=\"text\" name=\"claimants_statement_E2_2\" /></td><td><input type=\"text\" name=\"claimants_statement_E2_3\" class=\"bdate\"/></td></tr><tr><td><input type=\"text\" name=\"claimants_statement_E2_4\" /></td><td><input type=\"text\" name=\"claimants_statement_E2_5\" /></td><td><input type=\"text\" name=\"claimants_statement_E2_6\" /></td><td><input type=\"text\" name=\"claimants_statement_E2_7\" class=\"bdate\" /></td></tr><tr><td><input type=\"text\" name=\"claimants_statement_E2_8\" /></td><td><input type=\"text\" name=\"claimants_statement_E2_9\" /></td><td><input type=\"text\" name=\"claimants_statement_E2_10\" /></td><td><input type=\"text\" name=\"claimants_statement_E2_11\" class=\"bdate\"/></td></tr></tbody></tr></table>',NULL),(237,'textFeild','',''),(238,'textFeild','',''),(239,'textFeild','',''),(240,'textFeild','',''),(241,'textFeild','',''),(242,'checkBox','[\"Yes\",\"No\"]',''),(243,'radioButton','[\"A\",\"B\",\"C\"]','A'),(244,'textFeild','[\"\"]',''),(245,'textFeild','[\"\"]',NULL),(246,'textFeild','',''),(247,'textFeild','',''),(248,'textArea','',''),(249,'textFeild','',''),(250,'textFeild','',''),(251,'textFeild','',''),(252,'textFeild','',''),(253,'textFeild','',''),(254,'textArea','',''),(255,'textFeild','',''),(256,'textFeild','',''),(257,'textFeild','',''),(258,'textFeild','',''),(259,'textFeild','',''),(260,'textFeild','',''),(261,'textFeild','',''),(262,'textFeild','',''),(263,'textFeild','',''),(264,'textFeild','',''),(265,'textArea','',''),(266,'textFeild','',''),(267,'textArea','',''),(268,'textArea','',''),(269,'textFeild','',''),(270,'textFeild','',''),(271,'textArea','',''),(272,'textFeild','',''),(273,'textFeild','',''),(274,'textFeild','',''),(275,'textArea','',''),(276,'textArea','',''),(277,'textFeild','',''),(278,'textFeild','',''),(279,'textFeild','',''),(280,'textFeild','',''),(281,'textFeild','',''),(282,'textFeild','',''),(283,'checkBox','[\"Yes\r\",\"No\"]',''),(284,'textFeild','',''),(285,'textArea','',''),(286,'textArea','',''),(287,'textFeild','',''),(288,'textFeild','',''),(289,'textFeild','',''),(290,'textFeild','',''),(291,'textArea','',''),(292,'textFeild','',''),(293,'textFeild','',''),(294,'textFeild','',''),(295,'textFeild','',''),(296,'textFeild','',''),(297,'textFeild','',''),(298,'textFeild','',''),(299,'textFeild','',''),(300,'textFeild','',''),(301,'textFeild','',''),(302,'textFeild','',''),(303,'textFeild','',''),(304,'textFeild','',''),(305,'textFeild','',''),(306,'textFeild','',''),(307,'textFeild','',''),(308,'textFeild','',''),(309,'textFeild','',''),(310,'textFeild','',''),(311,'textFeild','',''),(312,'textFeild','',''),(313,'table','<table id=\"Financial_Quest_Self_Employed_proposer\" class=\"table table-striped\"><tr><thead><th></th><th>Year</th><th>Gross</th><th>Net</th></thead></tr><tbody><tr><td>A</td><td><input type=\"text\" name=\"Financial_Quest_Self_Employed_proposer_0\" /></td><td><input type=\"text\" name=\"Financial_Quest_Self_Employed_proposer_1\" /></td><td><input type=\"text\" name=\"Financial_Quest_Self_Employed_proposer_2\" /></td></tr><tr><td>B</td><td><input type=\"text\" name=\"Financial_Quest_Self_Employed_proposer_3\" /></td><td><input type=\"text\" name=\"Financial_Quest_Self_Employed_proposer_4\" /></td><td><input type=\"text\" name=\"Financial_Quest_Self_Employed_proposer_5\" /></td></tr><tr><td>C</td><td><input type=\"text\" name=\"Financial_Quest_Self_Employed_proposer_6\" /></td><td><input type=\"text\" name=\"Financial_Quest_Self_Employed_proposer_7\" /></td><td><input type=\"text\" name=\"Financial_Quest_Self_Employed_proposer_8\" /></td></tr></tbody></tr></table>',''),(314,'textFeild','',''),(315,'textFeild','[\"\"]',''),(316,'textFeild','[\"\"]',''),(317,'textFeild','',''),(318,'checkBox','[\"Salaried\r\",\"Self Employed\r\",\" Others  \r\"]',''),(319,'textFeild','',''),(320,'table','<table id=\"Financial_Quest_Regional_Manager_Report_AnnualIncome\" class=\"table table-striped\"> <tr> <thead> <th>Income Heads</th> <th>Assessment Year1</th> <th>Assessment Year2</th> <th>Assessment Year3</th> </thead> </tr> <tbody> <tr> <td></td> <td><input type=\"number\" name=\"Financial_Quest_Regional_Manager_Report_AnnualIncome_0\" placeholder=\"Year\" class=\"bdate\" /></td> <td><input type=\"number\" name=\"Financial_Quest_Regional_Manager_Report_AnnualIncome_1\" placeholder=\"Year\" class=\"bdate\"/></td> <td><input type=\"number\" name=\"Financial_Quest_Regional_Manager_Report_AnnualIncome_2\" placeholder=\"Year\" class=\"bdate\"/></td> </tr> <tr> <td>Income from Salary</td> <td><input type=\"number\" name=\"Financial_Quest_Regional_Manager_Report_AnnualIncome_3\" step=\"any\" /></td> <td><input type=\"number\" name=\"Financial_Quest_Regional_Manager_Report_AnnualIncome_4\" step=\"any\"/></td> <td><input type=\"number\" name=\"Financial_Quest_Regional_Manager_Report_AnnualIncome_5\" step=\"any\"/></td> </tr> <tr> <td>Income from House Property (Rent)</td> <td><input type=\"number\" name=\"Financial_Quest_Regional_Manager_Report_AnnualIncome_6\" step=\"any\"/></td> <td><input type=\"number\" name=\"Financial_Quest_Regional_Manager_Report_AnnualIncome_7\" step=\"any\"/></td> <td><input type=\"number\" name=\"Financial_Quest_Regional_Manager_Report_AnnualIncome_8\" step=\"any\"/></td> </tr> <tr> <td>Income from trade, Business, Vocation or Profession</td> <td><input type=\"number\" name=\"Financial_Quest_Regional_Manager_Report_AnnualIncome_9\" step=\"any\"/></td> <td><input type=\"number\" name=\"Financial_Quest_Regional_Manager_Report_AnnualIncome_10\" step=\"any\"/></td> <td><input type=\"number\" name=\"Financial_Quest_Regional_Manager_Report_AnnualIncome_11\" step=\"any\"/></td> </tr> <tr> <td>Income from Dividends</td> <td><input type=\"number\" name=\"Financial_Quest_Regional_Manager_Report_AnnualIncome_12\" step=\"any\"/></td> <td><input type=\"number\" name=\"Financial_Quest_Regional_Manager_Report_AnnualIncome_13\" step=\"any\"/></td> <td><input type=\"number\" name=\"Financial_Quest_Regional_Manager_Report_AnnualIncome_14\" step=\"any\"/></td> </tr> <tr> <td>Income from Interest</td> <td><input type=\"number\" name=\"Financial_Quest_Regional_Manager_Report_AnnualIncome_15\" step=\"any\"/></td> <td><input type=\"number\" name=\"Financial_Quest_Regional_Manager_Report_AnnualIncome_16\" step=\"any\"/></td> <td><input type=\"number\" name=\"Financial_Quest_Regional_Manager_Report_AnnualIncome_17\" step=\"any\"/></td> </tr> <tr> <td>Income from Annuities, Royalties etc</td> <td><input type=\"number\" name=\"Financial_Quest_Regional_Manager_Report_AnnualIncome_18\" step=\"any\"/></td> <td><input type=\"number\" name=\"Financial_Quest_Regional_Manager_Report_AnnualIncome_19\" step=\"any\"/></td> <td><input type=\"number\" name=\"Financial_Quest_Regional_Manager_Report_AnnualIncome_20\" step=\"any\"/></td> </tr> <tr> <td>Income from Capital Gains</td> <td><input type=\"number\" name=\"Financial_Quest_Regional_Manager_Report_AnnualIncome_21\" step=\"any\"/></td> <td><input type=\"number\" name=\"Financial_Quest_Regional_Manager_Report_AnnualIncome_22\" step=\"any\"/></td> <td><input type=\"number\" name=\"Financial_Quest_Regional_Manager_Report_AnnualIncome_23\" step=\"any\"/></td> </tr> <tr> <td>Income from other Sources</td> <td><input type=\"number\" name=\"Financial_Quest_Regional_Manager_Report_AnnualIncome_24\" step=\"any\"/></td> <td><input type=\"number\" name=\"Financial_Quest_Regional_Manager_Report_AnnualIncome_25\" step=\"any\"/></td> <td><input type=\"number\" name=\"Financial_Quest_Regional_Manager_Report_AnnualIncome_26\" step=\"any\"/></td> </tr> <tr> <td>Income from Agriculture</td> <td><input type=\"number\" name=\"Financial_Quest_Regional_Manager_Report_AnnualIncome_27\" step=\"any\"/></td> <td><input type=\"number\" name=\"Financial_Quest_Regional_Manager_Report_AnnualIncome_28\" step=\"any\"/></td> <td><input type=\"number\" name=\"Financial_Quest_Regional_Manager_Report_AnnualIncome_29\" step=\"any\"/></td> </tr> <tr> <td><b>Gross Total Income</b></td> <td><input type=\"number\" name=\"Financial_Quest_Regional_Manager_Report_AnnualIncome_30\" annualIncomeYear1=\"\" placeholder=\"Total\" step=\"any\" readonly/></td> <td><input type=\"number\" name=\"Financial_Quest_Regional_Manager_Report_AnnualIncome_31\" annualIncomeYear2=\"\" placeholder=\"Total\" step=\"any\" readonly/></td> <td><input type=\"number\" name=\"Financial_Quest_Regional_Manager_Report_AnnualIncome_32\" annualIncomeYear3=\"\" placeholder=\"Total\" step=\"any\" readonly/></td> </tr> <tr> <td>Income claimed to be exempt from income Tax(please specify the source of income)</td> <td><input type=\"number\" name=\"Financial_Quest_Regional_Manager_Report_AnnualIncome_33\" step=\"any\"/></td> <td><input type=\"number\" name=\"Financial_Quest_Regional_Manager_Report_AnnualIncome_34\" step=\"any\"/></td> <td><input type=\"number\" name=\"Financial_Quest_Regional_Manager_Report_AnnualIncome_35\" step=\"any\"/></td> </tr> </tbody> </tr> </table>',''),(321,'textFeild','',''),(322,'textFeild','',''),(323,'textArea','',''),(324,'textFeild','',''),(325,'textFeild','',''),(326,'textFeild','',''),(327,'table','<table id=\"audited_profit_and_loss_account\" class=\"table table-striped\"> <tr> <thead> <th>Particulars</th> <th>Year 1</th> <th>Year 2</th> <th>Year 3</th> </thead> </tr> <tbody> <tr> <td></td> <td><input type=\"number\" name=\"Financial_Quest_Regional_Manager_Report_audited_profit_and_loss_account_0\" placeholder=\"Year\" class=\"bdate\" /></td> <td><input type=\"number\" name=\"Financial_Quest_Regional_Manager_Report_audited_profit_and_loss_account_1\" placeholder=\"Year\" class=\"bdate\"/></td> <td><input type=\"number\" name=\"Financial_Quest_Regional_Manager_Report_audited_profit_and_loss_account_2\" placeholder=\"Year\" class=\"bdate\"/></td> </tr> <tr> <td>Net Sales</td> <td><input type=\"number\" name=\"Financial_Quest_Regional_Manager_Report_audited_profit_and_loss_account_3\" step=\"any\" /></td> <td><input type=\"number\" name=\"Financial_Quest_Regional_Manager_Report_audited_profit_and_loss_account_4\" step=\"any\"/></td> <td><input type=\"number\" name=\"Financial_Quest_Regional_Manager_Report_audited_profit_and_loss_account_5\" step=\"any\"/></td> </tr> <tr> <td>Gross profit</td> <td><input type=\"number\" name=\"Financial_Quest_Regional_Manager_Report_audited_profit_and_loss_account_6\" step=\"any\"/></td> <td><input type=\"number\" name=\"Financial_Quest_Regional_Manager_Report_audited_profit_and_loss_account_7\" step=\"any\"/></td> <td><input type=\"number\" name=\"Financial_Quest_Regional_Manager_Report_audited_profit_and_loss_account_8\" step=\"any\"/></td> </tr> <tr> <td>Depreciation</td> <td><input type=\"number\" name=\"Financial_Quest_Regional_Manager_Report_audited_profit_and_loss_account_9\" step=\"any\"/></td> <td><input type=\"number\" name=\"Financial_Quest_Regional_Manager_Report_audited_profit_and_loss_account_10\" step=\"any\"/></td> <td><input type=\"number\" name=\"Financial_Quest_Regional_Manager_Report_audited_profit_and_loss_account_11\" step=\"any\"/></td> </tr> <tr> <td>Net Profit before tax</td> <td><input type=\"number\" name=\"Financial_Quest_Regional_Manager_Report_audited_profit_and_loss_account_12\" step=\"any\"/></td> <td><input type=\"number\" name=\"Financial_Quest_Regional_Manager_Report_audited_profit_and_loss_account_13\" step=\"any\"/></td> <td><input type=\"number\" name=\"Financial_Quest_Regional_Manager_Report_audited_profit_and_loss_account_14\" step=\"any\"/></td> </tr> <tr> <td><b>Total</b></td> <td><input type=\"number\" name=\"Financial_Quest_Regional_Manager_Report_audited_profit_and_loss_account_15\" audited_profit_and_loss_account1=\"\" placeholder=\"Total\" step=\"any\" readonly/></td> <td><input type=\"number\" name=\"Financial_Quest_Regional_Manager_Report_audited_profit_and_loss_account_16\" audited_profit_and_loss_account2=\"\" placeholder=\"Total\" step=\"any\" readonly/></td> <td><input type=\"number\" name=\"Financial_Quest_Regional_Manager_Report_audited_profit_and_loss_account_17\" audited_profit_and_loss_account3=\"\" placeholder=\"Total\" step=\"any\" readonly/></td> </tr> </tbody> </tr> </table>',''),(328,'table','<table id=\"audited_balance_sheets_fqrmr\" class=\"table table-striped\"> <tr> <thead> <th>Particulars</th> <th>Year 1</th> <th>Year 2</th> <th>Year 3</th> </thead> </tr> <tbody> <tr> <td></td> <td><input type=\"number\" name=\"Financial_Quest_Regional_Manager_Report_audited_balance_sheets_0\" placeholder=\"Year\" class=\"bdate\"/></td> <td><input type=\"number\" name=\"Financial_Quest_Regional_Manager_Report_audited_balance_sheets_1\" placeholder=\"Year\" class=\"bdate\"/></td> <td><input type=\"number\" name=\"Financial_Quest_Regional_Manager_Report_audited_balance_sheets_2\" placeholder=\"Year\" class=\"bdate\"/></td> </tr> <tr> <td>Capital (Issued)</td> <td><input type=\"number\" name=\"Financial_Quest_Regional_Manager_Report_audited_balance_sheets_3\" step=\"any\" /></td> <td><input type=\"number\" name=\"Financial_Quest_Regional_Manager_Report_audited_balance_sheets_4\" step=\"any\"/></td> <td><input type=\"number\" name=\"Financial_Quest_Regional_Manager_Report_audited_balance_sheets_5\" step=\"any\"/></td> </tr> <tr> <td>Reserves and Surplus</td> <td><input type=\"number\" name=\"Financial_Quest_Regional_Manager_Report_audited_balance_sheets_6\" step=\"any\"/></td> <td><input type=\"number\" name=\"Financial_Quest_Regional_Manager_Report_audited_balance_sheets_7\" step=\"any\"/></td> <td><input type=\"number\" name=\"Financial_Quest_Regional_Manager_Report_audited_balance_sheets_8\" step=\"any\"/></td> </tr> <tr> <td>Unsecured Loans</td> <td><input type=\"number\" name=\"Financial_Quest_Regional_Manager_Report_audited_balance_sheets_9\" step=\"any\"/></td> <td><input type=\"number\" name=\"Financial_Quest_Regional_Manager_Report_audited_balance_sheets_10\" step=\"any\"/></td> <td><input type=\"number\" name=\"Financial_Quest_Regional_Manager_Report_audited_balance_sheets_11\" step=\"any\"/></td> </tr> <tr> <td>Secured Loans</td> <td><input type=\"number\" name=\"Financial_Quest_Regional_Manager_Report_audited_balance_sheets_12\" step=\"any\"/></td> <td><input type=\"number\" name=\"Financial_Quest_Regional_Manager_Report_audited_balance_sheets_13\" step=\"any\"/></td> <td><input type=\"number\" name=\"Financial_Quest_Regional_Manager_Report_audited_balance_sheets_14\" step=\"any\"/></td> </tr> <tr> <td><b>Total Current Assets</b></td> <td><input type=\"number\" name=\"Financial_Quest_Regional_Manager_Report_audited_balance_sheets_15\" step=\"any\"/></td> <td><input type=\"number\" name=\"Financial_Quest_Regional_Manager_Report_audited_balance_sheets_16\" step=\"any\"/></td> <td><input type=\"number\" name=\"Financial_Quest_Regional_Manager_Report_audited_balance_sheets_17\" step=\"any\"/></td> </tr> <tr> <td><b>Total Current Liabilities</b></td> <td><input type=\"number\" name=\"Financial_Quest_Regional_Manager_Report_audited_balance_sheets_18\" step=\"any\"/></td> <td><input type=\"number\" name=\"Financial_Quest_Regional_Manager_Report_audited_balance_sheets_19\" step=\"any\"/></td> <td><input type=\"number\" name=\"Financial_Quest_Regional_Manager_Report_audited_balance_sheets_20\" step=\"any\"/></td> </tr> </tbody> </tr> </table>',''),(329,'table','<table id=\"details_of_personal_assets_fqrmr\" class=\"table table-striped\"> <tr> <thead> <th>Assets</th> <th>Total no of possession</th> <th>Market Value(Rs)</th> </thead> </tr> <tbody> <tr> <td>Land Property</td> <td><input type=\"number\" name=\"Financial_Quest_Regional_Manager_Report_details_of_personal_assets_0\" step=\"any\"/></td> <td><input type=\"number\" name=\"Financial_Quest_Regional_Manager_Report_details_of_personal_assets_1\" step=\"any\"/></td> </tr> <tr> <td>Investments</td> <td><input type=\"number\" name=\"Financial_Quest_Regional_Manager_Report_details_of_personal_assets_2\" step=\"any\" /></td> <td><input type=\"number\" name=\"Financial_Quest_Regional_Manager_Report_details_of_personal_assets_3\" step=\"any\"/></td> </tr> <tr> <td>Vehicles</td> <td><input type=\"number\" name=\"Financial_Quest_Regional_Manager_Report_details_of_personal_assets_4\" step=\"any\"/></td> <td><input type=\"number\" name=\"Financial_Quest_Regional_Manager_Report_details_of_personal_assets_5\" step=\"any\"/></td> </tr> <tr> <td>Jewellery</td> <td><input type=\"number\" name=\"Financial_Quest_Regional_Manager_Report_details_of_personal_assets_6\" step=\"any\"/></td> <td><input type=\"number\" name=\"Financial_Quest_Regional_Manager_Report_details_of_personal_assets_7\" step=\"any\"/></td> </tr> <tr> <td>Any other assets</td> <td><input type=\"number\" name=\"Financial_Quest_Regional_Manager_Report_details_of_personal_assets_8\" step=\"any\"/></td> <td><input type=\"number\" name=\"Financial_Quest_Regional_Manager_Report_details_of_personal_assets_9\" step=\"any\"/></td> </tr> <tr> <td><b>Total</b></td> <td><input type=\"number\" name=\"Financial_Quest_Regional_Manager_Report_details_of_personal_assets_10\" personal_assetsA=\"\" placeholder=\"total\" step=\"any\" readonly/></td> <td><input type=\"number\" name=\"Financial_Quest_Regional_Manager_Report_details_of_personal_assets_11\" personal_assetsB=\"\" placeholder=\"total\" step=\"any\" readonly/></td> </tr> </tbody> </tr> </table>',''),(330,'table','<table id=\"details_of_personal_liabilities_fqrmr\" class=\"table table-striped\"> <tr> <thead> <th>Liabilities</th> <th>Market Value(Rs)</th> </thead> </tr> <tbody> <tr> <td>Loan from Bank/over draft</td> <td><input type=\"number\" name=\"Financial_Quest_Regional_Manager_Report_details_of_personal_liabilities_0\" step=\"any\"/></td> </tr> <tr> <td>Loan from Financial Institutions</td> <td><input type=\"number\" name=\"Financial_Quest_Regional_Manager_Report_details_of_personal_liabilities_1\" step=\"any\" /></td> </tr> <tr> <td>Mortgaged Assets</td> <td><input type=\"number\" name=\"Financial_Quest_Regional_Manager_Report_details_of_personal_liabilities_2\" step=\"any\"/></td> </tr> <tr> <td>Trade Creditors</td> <td><input type=\"number\" name=\"Financial_Quest_Regional_Manager_Report_details_of_personal_liabilities_3\" step=\"any\"/></td> </tr> <tr> <td>Any other liabilities</td> <td><input type=\"number\" name=\"Financial_Quest_Regional_Manager_Report_details_of_personal_liabilities_4\" step=\"any\"/></td> </tr> <tr> <td><b>Total</b></td> <td><input type=\"number\" name=\"Financial_Quest_Regional_Manager_Report_details_of_personal_liabilities_5\" personal_liabilities=\"\" placeholder=\"total\" step=\"any\" readonly/></td> </tr> </tbody> </tr> </table>',''),(331,'table','<table id=\"residence_and_family_life_style_details_fqrmr\" class=\"table table-striped\"> <tr> <thead> <th></th> <th>Property A</th> <th>Property B</th> <th>Property C</th> <th>Property D</th> </thead> </tr> <tbody> <tr> <td>Type of Property(Residential and Commercial)</td> <td><input type=\"text\" name=\"Financial_Quest_Regional_Manager_Report_residence_and_family_life_style_details_0\" /></td> <td><input type=\"text\" name=\"Financial_Quest_Regional_Manager_Report_residence_and_family_life_style_details_1\" /></td> <td><input type=\"text\" name=\"Financial_Quest_Regional_Manager_Report_residence_and_family_life_style_details_2\" /></td> <td><input type=\"text\" name=\"Financial_Quest_Regional_Manager_Report_residence_and_family_life_style_details_3\"/></td> </tr> <tr> <td>Build Up Area(size)</td> <td><input type=\"text\" name=\"Financial_Quest_Regional_Manager_Report_residence_and_family_life_style_details_4\" step=\"any\" /></td> <td><input type=\"text\" name=\"Financial_Quest_Regional_Manager_Report_residence_and_family_life_style_details_5\" step=\"any\"/></td> <td><input type=\"text\" name=\"Financial_Quest_Regional_Manager_Report_residence_and_family_life_style_details_6\" step=\"any\"/></td> <td><input type=\"text\" name=\"Financial_Quest_Regional_Manager_Report_residence_and_family_life_style_details_7\" step=\"any\"/></td> </tr> <tr> <td>Name and location of property</td> <td><input type=\"text\" name=\"Financial_Quest_Regional_Manager_Report_residence_and_family_life_style_details_8\" step=\"any\"/></td> <td><input type=\"text\" name=\"Financial_Quest_Regional_Manager_Report_residence_and_family_life_style_details_9\" step=\"any\"/></td> <td><input type=\"text\" name=\"Financial_Quest_Regional_Manager_Report_residence_and_family_life_style_details_10\" step=\"any\"/></td> <td><input type=\"text\" name=\"Financial_Quest_Regional_Manager_Report_residence_and_family_life_style_details_11\" step=\"any\"/></td> </tr> <tr> <td>Owner(s) of the property</td> <td><input type=\"text\" name=\"Financial_Quest_Regional_Manager_Report_residence_and_family_life_style_details_12\" step=\"any\"/></td> <td><input type=\"text\" name=\"Financial_Quest_Regional_Manager_Report_residence_and_family_life_style_details_13\" step=\"any\"/></td> <td><input type=\"text\" name=\"Financial_Quest_Regional_Manager_Report_residence_and_family_life_style_details_14\" step=\"any\"/></td> <td><input type=\"text\" name=\"Financial_Quest_Regional_Manager_Report_residence_and_family_life_style_details_15\" step=\"any\"/></td> </tr> <tr> <td>Current Value(in LKR)</td> <td><input type=\"number\" name=\"Financial_Quest_Regional_Manager_Report_residence_and_family_life_style_details_16\" step=\"any\"/></td> <td><input type=\"number\" name=\"Financial_Quest_Regional_Manager_Report_residence_and_family_life_style_details_17\" step=\"any\"/></td> <td><input type=\"number\" name=\"Financial_Quest_Regional_Manager_Report_residence_and_family_life_style_details_18\" step=\"any\"/></td> <td><input type=\"number\" name=\"Financial_Quest_Regional_Manager_Report_residence_and_family_life_style_details_19\" step=\"any\"/></td> </tr> <tr> <td>Mortgage Amount(in LKR)</td> <td><input type=\"number\" name=\"Financial_Quest_Regional_Manager_Report_residence_and_family_life_style_details_20\" step=\"any\"/></td> <td><input type=\"number\" name=\"Financial_Quest_Regional_Manager_Report_residence_and_family_life_style_details_21\" step=\"any\"/></td> <td><input type=\"number\" name=\"Financial_Quest_Regional_Manager_Report_residence_and_family_life_style_details_22\" step=\"any\"/></td> <td><input type=\"number\" name=\"Financial_Quest_Regional_Manager_Report_residence_and_family_life_style_details_23\" step=\"any\"/></td> </tr> <tr> <td>If Rented then please mention the Rental Income </td> <td><input type=\"number\" name=\"Financial_Quest_Regional_Manager_Report_residence_and_family_life_style_details_24\" step=\"any\"/></td> <td><input type=\"number\" name=\"Financial_Quest_Regional_Manager_Report_residence_and_family_life_style_details_25\" step=\"any\"/></td> <td><input type=\"number\" name=\"Financial_Quest_Regional_Manager_Report_residence_and_family_life_style_details_26\" step=\"any\"/></td> <td><input type=\"number\" name=\"Financial_Quest_Regional_Manager_Report_residence_and_family_life_style_details_27\" step=\"any\"/></td> </tr> </tbody> </tr> </table>',''),(332,'checkBox','[\"Income Tax Returns\r\",\"Salary Slips\r\",\"Audited Profit and Loss Account\r\",\"Audited Balance Sheet\r\",\"Bank Statements\r\",\" C.A. Valuation Report\r\",\" Asset Ownership Papers\r\",\"Any other documents(specify below)\"]',''),(333,'textArea','',''),(334,'textArea','',''),(335,'textArea','',''),(336,'textFeild','[\"\"]',''),(337,'textFeild','',''),(338,'checkBox','[\"Yes\r\",\"No\"]',''),(339,'textFeild','',''),(340,'checkBox','[\"Yes\r\",\"No\"]',''),(341,'checkBox','[\"Mild Intermittent\r\",\"Mild Persistent\r\",\"Moderate\r\",\"Severe\"]',''),(342,'table','<table id=\"diagnosis_asthma\" class=\"table table-striped\"> <tr> <thead> <th></th> <th></th> <th></th> <th></th> </thead> </tr> <tbody> <tr> <td>Investigation Name</td> <td><input type=\"text\" name=\"Asthma_Diagnosis_0\" /></td> <td><input type=\"text\" name=\"Asthma_Diagnosis_1\" /></td> <td><input type=\"text\" name=\"Asthma_Diagnosis_2\" /></td> <td><input type=\"text\" name=\"Asthma_Diagnosis_3\" /></td> </tr> <tr> <td>Investigation Date</td> <td><input type=\"text\" name=\"Asthma_Diagnosis_4\" class=\"bdate\" /></td> <td><input type=\"text\" name=\"Asthma_Diagnosis_5\" class=\"bdate\" /></td> <td><input type=\"text\" name=\"Asthma_Diagnosis_6\" class=\"bdate\" /></td> <td><input type=\"text\" name=\"Asthma_Diagnosis_7\" class=\"bdate\" /></td> </tr> <tr> <td>Investigation Results</td> <td><input type=\"text\" name=\"Asthma_Diagnosis_8\" /></td> <td><input type=\"text\" name=\"Asthma_Diagnosis_9\" /></td> <td><input type=\"text\" name=\"Asthma_Diagnosis_10\" /></td> <td><input type=\"text\" name=\"Asthma_Diagnosis_11\" /></td> </tr> </tbody> </tr> </table>',''),(343,'checkBox','[\"Yes\r\",\"No\"]',''),(344,'textArea','',''),(345,'datePicker','',''),(346,'textArea','',''),(347,'checkBox','[\"Yes\r\",\"No\"]',''),(348,'textArea','',''),(349,'table','<table id=\"earlier_treatments_asthma\" class=\"table table-striped\"> <tr> <thead> <th></th> <th></th> <th></th> <th></th> </thead> </tr> <tbody> <tr> <td>Name of drugs/therapy</td> <td><input type=\"text\" name=\"Asthma_earlier_treatments_0\" /></td> <td><input type=\"text\" name=\"Asthma_earlier_treatments_1\" /></td> <td><input type=\"text\" name=\"Asthma_earlier_treatments_2\" /></td> <td><input type=\"text\" name=\"Asthma_earlier_treatments_3\" /></td> </tr> <tr> <td>Dosage</td> <td><input type=\"text\" name=\"Asthma_earlier_treatments_4\" /></td> <td><input type=\"text\" name=\"Asthma_earlier_treatments_5\"/></td> <td><input type=\"text\" name=\"Asthma_earlier_treatments_6\"/></td> <td><input type=\"text\" name=\"Asthma_earlier_treatments_7\"/></td> </tr> <tr> <td>How Often Taken</td> <td><input type=\"text\" name=\"Asthma_earlier_treatments_8\" /></td> <td><input type=\"text\" name=\"Asthma_earlier_treatments_9\" /></td> <td><input type=\"text\" name=\"Asthma_earlier_treatments_10\" /></td> <td><input type=\"text\" name=\"Asthma_earlier_treatments_11\" /></td> </tr> </tbody> </tr> </table>',''),(350,'table','<table id=\"current_treatments_asthma\" class=\"table table-striped\"> <tr> <thead> <th></th> <th></th> <th></th> <th></th> </thead> </tr> <tbody> <tr> <td>Name of drugs/therapy</td> <td><input type=\"text\" name=\"Asthma_current_treatments_0\" /></td> <td><input type=\"text\" name=\"Asthma_current_treatments_1\" /></td> <td><input type=\"text\" name=\"Asthma_current_treatments_2\" /></td> <td><input type=\"text\" name=\"Asthma_current_treatments_3\" /></td> </tr> <tr> <td>Dosage</td> <td><input type=\"text\" name=\"Asthma_current_treatments_4\" /></td> <td><input type=\"text\" name=\"Asthma_current_treatments_5\"/></td> <td><input type=\"text\" name=\"Asthma_current_treatments_6\"/></td> <td><input type=\"text\" name=\"Asthma_current_treatments_7\"/></td> </tr> <tr> <td>How Often Taken</td> <td><input type=\"text\" name=\"Asthma_current_treatments_8\" /></td> <td><input type=\"text\" name=\"Asthma_current_treatments_9\" /></td> <td><input type=\"text\" name=\"Asthma_current_treatments_10\" /></td> <td><input type=\"text\" name=\"Asthma_current_treatments_11\" /></td> </tr> </tbody> </tr> </table>',''),(351,'checkBox','[\"Yes\r\",\"No\"]',''),(352,'textArea','',''),(353,'datePicker','',''),(354,'checkBox','[\"Yes\r\",\"No\"]',''),(355,'textFeild','',''),(356,'datePicker','',''),(357,'textFeild','',''),(358,'textFeild','',''),(359,'textFeild','',''),(360,'checkBox','[\"Stable\r\",\"Improving\r\",\"Deteriorating\"]',''),(361,'checkBox','[\"Yes\r\",\"No\"]',''),(362,'textArea','',''),(363,'checkBox','[\"Yes\r\",\"No\"]',''),(364,'checkBox','[\"Yes\r\",\"No\"]',''),(365,'textArea','',''),(366,'textArea','',''),(367,'textFeild','[\"\"]',''),(368,'textFeild','',''),(370,'textFeild','',''),(371,'textFeild','',''),(372,'checkBox','[\"Yes\r\",\"No\"]',''),(373,'textArea','',''),(374,'checkBox','[\"Yes\r\",\"No\"]',''),(375,'textFeild','',''),(376,'textFeild','',''),(377,'textFeild','',''),(378,'textFeild','',''),(379,'textFeild','',''),(380,'textFeild','',''),(381,'textFeild','',''),(382,'checkBox','[\"Yes\r\",\"No\"]',''),(383,'checkBox','[\"Yes\r\",\"No\"]',''),(384,'textArea','',''),(385,'textArea','',''),(386,'textFeild','[\"\"]',''),(387,'textFeild','[\"\"]',''),(388,'textFeild','',''),(389,'textArea','',''),(390,'textFeild','',''),(391,'textFeild','',''),(392,'datePicker','',''),(393,'checkBox','[\"Yes\r\",\"No\"]',''),(394,'datePicker','',''),(395,'checkBox','[\"Yes\r\",\"No\"]',''),(396,'datePicker','',''),(397,'textArea','',''),(398,'textFeild','',''),(399,'checkBox','[\"Yes\r\",\"No\"]',''),(400,'datePicker','',''),(401,'textFeild','',''),(402,'textFeild','',''),(403,'textFeild','',''),(404,'checkBox','[\"Yes\r\",\"No\"]',''),(405,'textArea','',''),(406,'checkBox','[\"Yes\r\",\"No\"]',''),(407,'textArea','',''),(408,'textFeild','',''),(409,'textFeild','',''),(410,'checkBox','[\"Yes\r\",\"No\"]',''),(411,'textArea','',''),(412,'checkBox','[\"Yes\r\",\"No\"]',''),(413,'textArea','',''),(414,'textFeild','[\"\"]',''),(415,'textFeild','[\"\"]',''),(416,'datePicker','',''),(417,'textArea','',''),(418,'textFeild','',''),(419,'checkBox','[\"Yes\r\",\"No\"]',''),(420,'textArea','',''),(421,'checkBox','[\"Yes\r\",\"No\"]',''),(422,'textArea','',''),(423,'checkBox','[\"Yes\r\",\"No\"]',''),(424,'textArea','',''),(425,'textFeild','',''),(426,'textFeild','',''),(427,'textFeild','',''),(428,'checkBox','[\"Yes\r\",\"No\"]',''),(429,'textArea','',''),(430,'checkBox','[\"Problems with  eyes\r\",\"High blood pressure\r\",\"Heart or circulatory problems\r\",\"Albumin or protein in urine\r\",\"Numbness or tingling in  feet or hands\"]',''),(431,'textArea','',''),(432,'checkBox','[\"Yes\r\",\"No\"]',''),(433,'textArea','',''),(434,'checkBox','[\"Yes\r\",\"No\"]',''),(435,'textArea','',''),(436,'textFeild','[\"\"]',''),(437,'textFeild','[\"\"]',''),(438,'textFeild','',''),(439,'datePicker','',''),(440,'textFeild','',''),(441,'checkBox','[\"Petit- mal\r\",\"Grand-mal\r\",\"Other\"]',''),(442,'datePicker','',''),(443,'table','<table id=\"diagnosis_epilepsy\" class=\"table table-striped\"> <tr> <thead> <th></th> <th></th> <th></th> <th></th> </thead> </tr> <tbody> <tr> <td>Investigation Name</td> <td><input type=\"text\" name=\"Epilepsy_Diagnosis_0\" /></td> <td><input type=\"text\" name=\"Epilepsy_Diagnosis_1\" /></td> <td><input type=\"text\" name=\"Epilepsy_Diagnosis_2\" /></td> <td><input type=\"text\" name=\"Epilepsy_Diagnosis_3\" /></td> </tr> <tr> <td>Investigation Date</td> <td><input type=\"text\" name=\"Epilepsy_Diagnosis_4\" class=\"bdate\" /></td> <td><input type=\"text\" name=\"Epilepsy_Diagnosis_5\" class=\"bdate\" /></td> <td><input type=\"text\" name=\"Epilepsy_Diagnosis_6\" class=\"bdate\" /></td> <td><input type=\"text\" name=\"Epilepsy_Diagnosis_7\" class=\"bdate\" /></td> </tr> <tr> <td>Investigation Results</td> <td><input type=\"text\" name=\"Epilepsy_Diagnosis_8\" /></td> <td><input type=\"text\" name=\"Epilepsy_Diagnosis_9\" /></td> <td><input type=\"text\" name=\"Epilepsy_Diagnosis_10\" /></td> <td><input type=\"text\" name=\"Epilepsy_Diagnosis_11\" /></td> </tr> </tbody> </tr> </table>',''),(444,'checkBox','[\"Yes\r\",\"No\"]',''),(445,'textArea','',''),(446,'checkBox','[\"Yes\r\",\"No\"]',''),(447,'textArea','',''),(448,'checkBox','[\"Yes\r\",\"No\"]',''),(449,'textArea','',''),(450,'datePicker','',''),(451,'textFeild','',''),(452,'checkBox','[\"Yes\r\",\"No\"]',''),(453,'textArea','',''),(454,'table','<table id=\"earlier_treatments_epilepsy\" class=\"table table-striped\"> <tr> <thead> <th></th> <th></th> <th></th> <th></th> </thead> </tr> <tbody> <tr> <td>Name of drugs/therapy</td> <td><input type=\"text\" name=\"Epilepsy_earlier_treatments_0\" /></td> <td><input type=\"text\" name=\"Epilepsy_earlier_treatments_1\" /></td> <td><input type=\"text\" name=\"Epilepsy_earlier_treatments_2\" /></td> <td><input type=\"text\" name=\"Epilepsy_earlier_treatments_3\" /></td> </tr> <tr> <td>Dosage</td> <td><input type=\"text\" name=\"Epilepsy_earlier_treatments_4\"/></td> <td><input type=\"text\" name=\"Epilepsy_earlier_treatments_5\"/></td> <td><input type=\"text\" name=\"Epilepsy_earlier_treatments_6\"/></td> <td><input type=\"text\" name=\"Epilepsy_earlier_treatments_7\"/></td> </tr> <tr> <td>How Often Taken</td> <td><input type=\"text\" name=\"Epilepsy_earlier_treatments_8\" /></td> <td><input type=\"text\" name=\"Epilepsy_earlier_treatments_9\" /></td> <td><input type=\"text\" name=\"Epilepsy_earlier_treatments_10\" /></td> <td><input type=\"text\" name=\"Epilepsy_earlier_treatments_11\" /></td> </tr> </tbody> </tr> </table>',''),(455,'table','<table id=\"current_treatments_epilepsy\" class=\"table table-striped\"> <tr> <thead> <th></th> <th></th> <th></th> <th></th> </thead> </tr> <tbody> <tr> <td>Name of drugs/therapy</td> <td><input type=\"text\" name=\"Epilepsy_current_treatments_0\" /></td> <td><input type=\"text\" name=\"Epilepsy_current_treatments_1\" /></td> <td><input type=\"text\" name=\"Epilepsy_current_treatments_2\" /></td> <td><input type=\"text\" name=\"Epilepsy_current_treatments_3\" /></td> </tr> <tr> <td>Dosage</td> <td><input type=\"text\" name=\"Epilepsy_current_treatments_4\"/></td> <td><input type=\"text\" name=\"Epilepsy_current_treatments_5\"/></td> <td><input type=\"text\" name=\"Epilepsy_current_treatments_6\"/></td> <td><input type=\"text\" name=\"Epilepsy_current_treatments_7\"/></td> </tr> <tr> <td>How Often Taken</td> <td><input type=\"text\" name=\"Epilepsy_current_treatments_8\" /></td> <td><input type=\"text\" name=\"Epilepsy_current_treatments_9\" /></td> <td><input type=\"text\" name=\"Epilepsy_current_treatments_10\" /></td> <td><input type=\"text\" name=\"Epilepsy_current_treatments_11\" /></td> </tr> </tbody> </tr> </table>',''),(456,'datePicker','',''),(457,'checkBox','[\"Yes\r\",\"No\"]',''),(458,'textFeild','',''),(459,'datePicker','',''),(460,'textFeild','',''),(461,'textFeild','',''),(462,'textFeild','',''),(463,'textFeild','',''),(464,'checkBox','[\"Stable\r\",\"Improving\r\",\"Deteriorating\"]',''),(465,'checkBox','[\"Yes\r\",\"No\"]',''),(466,'textArea','',''),(467,'checkBox','[\"Yes\r\",\"No\"]',''),(468,'checkBox','[\"Yes\r\",\"No\"]',''),(469,'textArea','',''),(470,'textArea','',''),(471,'textFeild','',''),(472,'textFeild','[\"\"]',''),(473,'textFeild','[\"\"]',''),(474,'datePicker','',''),(475,'textFeild','',''),(476,'textFeild','',''),(477,'textFeild','',''),(478,'textFeild','',''),(479,'textArea','',''),(480,'textFeild','',''),(481,'textArea','',''),(482,'textFeild','',''),(483,'textArea','',''),(484,'textFeild','',''),(485,'textArea','',''),(486,'textArea','',''),(487,'textFeild','[\"\"]',''),(488,'textFeild','[\"\"]',''),(489,'textFeild','',''),(490,'textArea','',''),(491,'checkBox','[\"Engine powered flight\r\",\"Helicopter flight\r\",\"Gliding flight /sailplane\r\",\"Balloon\r\",\"Others\"]',''),(492,'textArea','',''),(493,'textArea','',''),(494,'textArea','',''),(495,'textArea','',''),(496,'table','<table id=\"AverageHoursOfFly_aviation_supplementary\" class=\"table table-striped\"> <tr> <thead> <th></th> <th></th> </thead> </tr> <tbody> <tr> <td>Commercial Pilot</td> <td><input type=\"number\" name=\"AverageHoursOfFly_aviation_supplementary_0\" step=\"any\" /></td> </tr> <tr> <td>Private Pilot</td> <td><input type=\"number\" name=\"AverageHoursOfFly_aviation_supplementary_1\" step=\"any\"/></td> </tr> <tr> <td>Instructor</td> <td><input type=\"number\" name=\"AverageHoursOfFly_aviation_supplementary_2\" step=\"any\"/></td> </tr> <tr> <td>Police Helicopter Pilot</td> <td><input type=\"number\" name=\"AverageHoursOfFly_aviation_supplementary_3\" step=\"any\" /></td> </tr> </tbody> </tr> </table>',''),(497,'textFeild','',''),(498,'textArea','',''),(499,'checkBox','[\"Aerial photography  and surveys\r\",\"Off-shore oil and gas platforms\r\",\"Construction-heavy load transportation\r\",\"Testing prototypes or repaired/ modified aircraft\r\",\"Corp spraying\r\",\"Competitions, exhibitions, stunts or displays\"]',''),(500,'textArea','',''),(501,'textFeild','',''),(502,'textFeild','',''),(503,'textFeild','',''),(504,'checkBox','[\"Yes\r\",\"No\"]',''),(505,'textArea','',''),(506,'textFeild','',''),(507,'textFeild','[\"\"]',''),(508,'textFeild','[\"\"]',''),(509,'datePicker','',''),(510,'textFeild','',''),(511,'textFeild','',''),(512,'checkBox','[\"Own Residence\r\",\"Rented Residence\r\",\"Any other place\"]',''),(513,'textArea','',''),(514,'checkBox','[\"Own Money\r\",\"Bank Loan\r\",\"Other Sources\r\"]',''),(515,'textArea','',''),(516,'textFeild','',''),(517,'textArea','',''),(518,'textFeild','',''),(519,'textFeild','[\"\"]',''),(520,'textFeild','[\"\"]',''),(521,'textFeild','',''),(522,'textArea','',''),(523,'textFeild','',''),(524,'textFeild','',''),(525,'textFeild','',''),(526,'textFeild','',''),(527,'textFeild','[\"\"]',''),(528,'textFeild','[\"\"]',''),(529,'textFeild','[\"\"]',''),(530,'textFeild','[\"\"]',''),(531,'textFeild','[\"\"]',''),(532,'textFeild','',''),(533,'textFeild','',''),(534,'textFeild','',''),(535,'textFeild','',''),(536,'textFeild','',''),(537,'textFeild','',''),(538,'textFeild','[\"\"]',''),(539,'textFeild','[\"\"]',''),(540,'textFeild','[\"\"]',''),(541,'textArea','[\"\"]',''),(542,'textFeild','[\"\"]',''),(543,'table','<table id=\"Country_details_Travel_and_Residence_Questionnaire\" class=\"table table-striped\"> <tr> <thead> <th>Country</th> <th>Residential and business address</th> <th>Duration of Stay</th> <th>Reason for visit</th> <th>Location* (which city,cities)</th> <th>Internal travel</th> </thead> </tr> <tbody> <tr> <td><input type=\"text\" name=\"Country_details_Travel_and_Residence_0\"  /></td> <td><input type=\"text\" name=\"Country_details_Travel_and_Residence_1\"  /></td> <td><input type=\"text\" name=\"Country_details_Travel_and_Residence_2\"  /></td> <td><input type=\"text\" name=\"Country_details_Travel_and_Residence_3\"  /></td> <td><input type=\"text\" name=\"Country_details_Travel_and_Residence_4\"  /></td> <td><input type=\"text\" name=\"Country_details_Travel_and_Residence_5\"  /></td> </tr> <tr> <td><input type=\"text\" name=\"Country_details_Travel_and_Residence_6\"  /></td> <td><input type=\"text\" name=\"Country_details_Travel_and_Residence_7\"  /></td> <td><input type=\"text\" name=\"Country_details_Travel_and_Residence_8\"  /></td> <td><input type=\"text\" name=\"Country_details_Travel_and_Residence_9\"  /></td> <td><input type=\"text\" name=\"Country_details_Travel_and_Residence_10\"  /></td> <td><input type=\"text\" name=\"Country_details_Travel_and_Residence_11\"  /></td> </tr> <tr> <td><input type=\"text\" name=\"Country_details_Travel_and_Residence_12\"  /></td> <td><input type=\"text\" name=\"Country_details_Travel_and_Residence_13\"  /></td> <td><input type=\"text\" name=\"Country_details_Travel_and_Residence_14\"  /></td> <td><input type=\"text\" name=\"Country_details_Travel_and_Residence_15\"  /></td> <td><input type=\"text\" name=\"Country_details_Travel_and_Residence_16\"  /></td> <td><input type=\"text\" name=\"Country_details_Travel_and_Residence_17\"  /></td> </tr> <tr> <td><input type=\"text\" name=\"Country_details_Travel_and_Residence_18\"  /></td> <td><input type=\"text\" name=\"Country_details_Travel_and_Residence_19\"  /></td> <td><input type=\"text\" name=\"Country_details_Travel_and_Residence_20\"  /></td> <td><input type=\"text\" name=\"Country_details_Travel_and_Residence_21\"  /></td> <td><input type=\"text\" name=\"Country_details_Travel_and_Residence_22\"  /></td> <td><input type=\"text\" name=\"Country_details_Travel_and_Residence_23\"  /></td> </tr> <tr> <td><input type=\"text\" name=\"Country_details_Travel_and_Residence_24\"  /></td> <td><input type=\"text\" name=\"Country_details_Travel_and_Residence_25\"  /></td> <td><input type=\"text\" name=\"Country_details_Travel_and_Residence_26\"  /></td> <td><input type=\"text\" name=\"Country_details_Travel_and_Residence_27\"  /></td> <td><input type=\"text\" name=\"Country_details_Travel_and_Residence_28\"  /></td> <td><input type=\"text\" name=\"Country_details_Travel_and_Residence_29\"  /></td> </tr> </tbody> </tr> </table>',''),(544,'checkBox','[\"Yes\r\",\"No\"]',''),(545,'textArea','',''),(546,'checkBox','[\"Yes\r\",\"No\"]',''),(547,'textArea','',''),(548,'textArea','',''),(549,'textFeild','[\"\"]',''),(550,'datePicker','[\"\"]',''),(551,'textFeild','',''),(552,'textFeild','',''),(554,'table','<table id=\"Contact_number_Specimen_Signature\" class=\"table table-striped\"> <tr> <thead> <th></th> <th></th> <th></th> </thead> </tr> <tbody> <tr> <td>Residence</td> <td><input type=\"number\" name=\"Contact_number_Specimen_Signature_0\" step=\"any\" /></td> <td><input type=\"number\" name=\"Contact_number_Specimen_Signature_1\" step=\"any\" /></td> </tr> <tr> <td>Office</td> <td><input type=\"number\" name=\"Contact_number_Specimen_Signature_2\" step=\"any\"/></td> <td><input type=\"number\" name=\"Contact_number_Specimen_Signature_3\" step=\"any\"/></td> </tr> <tr> <td>Mobile</td> <td><input type=\"number\" name=\"Contact_number_Specimen_Signature_4\" step=\"any\"/></td> <td><input type=\"number\" name=\"Contact_number_Specimen_Signature_5\" step=\"any\"/></td> </tr> </tbody> </tr> </table>',''),(555,'textFeild','[\"\"]',''),(556,'textFeild','[\"\"]',''),(557,'checkBox','[\"Normal Revival\",\"Special Revival\"]',''),(558,'checkBox','[\"Normal Revival\r\",\"Special Revival\"]',''),(559,'checkBox','[\"Continue the policy with existing covers\r\",\"Continue the policy with reduced / Increase premium/covers as per the attached Quotation\"]',''),(560,'checkBox','[\"Declaration of Good Health (Main Life/Spouse)\r\",\"Quotation (with required benefits)\r\",\"Proposal form for spouse inclusion\r\",\"HB Health Declaration for Children\r\",\"Age admission (spouse/children)\r\"]',''),(561,'textFeild','',''),(562,'textFeild','[\"\"]',''),(563,'textFeild','[\"\"]',''),(564,'table','<table id=\"Beneficiary_Nomination_Form\" class=\"table table-striped\"> <tr> <thead> <th>Name</th> <th>Date Of Birth</th> <th>Relationship</th> <th>NIC No</th> <th>Share</th> </thead> </tr> <tbody> <tr> <td><input type=\"text\" name=\"Beneficiary_Nomination_Form_0\" /></td> <td><input type=\"text\" name=\"Beneficiary_Nomination_Form_1\" class=\"bdate\"  /></td> <td><input type=\"text\" name=\"Beneficiary_Nomination_Form_2\" /></td> <td><input type=\"text\" name=\"Beneficiary_Nomination_Form_3\" /></td> <td><input type=\"text\" name=\"Beneficiary_Nomination_Form_4\" /></td> </tr> <tr> <td><input type=\"text\" name=\"Beneficiary_Nomination_Form_5\"/></td> <td><input type=\"text\" name=\"Beneficiary_Nomination_Form_6\" class=\"bdate\"/></td> <td><input type=\"text\" name=\"Beneficiary_Nomination_Form_7\" /></td> <td><input type=\"text\" name=\"Beneficiary_Nomination_Form_8\" /></td> <td><input type=\"text\" name=\"Beneficiary_Nomination_Form_9\"/></td> </tr> <tr> <td><input type=\"text\" name=\"Beneficiary_Nomination_Form_10\" /></td> <td><input type=\"text\" name=\"Beneficiary_Nomination_Form_11\" class=\"bdate\" /></td> <td><input type=\"text\" name=\"Beneficiary_Nomination_Form_12\" /></td> <td><input type=\"text\" name=\"Beneficiary_Nomination_Form_13\" /></td> <td><input type=\"text\" name=\"Beneficiary_Nomination_Form_14\" /></td> </tr> <tr> <td><input type=\"text\" name=\"Beneficiary_Nomination_Form_15\" /></td> <td><input type=\"text\" name=\"Beneficiary_Nomination_Form_16\" class=\"bdate\" /></td> <td><input type=\"text\" name=\"Beneficiary_Nomination_Form_17\" /></td> <td><input type=\"text\" name=\"Beneficiary_Nomination_Form_18\" /></td> <td><input type=\"text\" name=\"Beneficiary_Nomination_Form_19\" /></td> </tr> <tr> <td><input type=\"text\" name=\"Beneficiary_Nomination_Form_20\" /></td> <td><input type=\"text\" name=\"Beneficiary_Nomination_Form_21\"  class=\"bdate\"/></td> <td><input type=\"text\" name=\"Beneficiary_Nomination_Form_22\" /></td> <td><input type=\"text\" name=\"Beneficiary_Nomination_Form_23\" /></td> <td><input type=\"text\" name=\"Beneficiary_Nomination_Form_24\" /></td> </tr> </tbody> </tr> </table>',''),(565,'textFeild','[\"\"]',''),(566,'textFeild','[\"\"]',''),(567,'textFeild','[\"\"]',''),(568,'textFeild','<table id=\"Declaration_of_Good_Health\" class=\"table table-striped\"> <tr> <thead> <th>Questions to be answered</th> <th>Yes/No</th> <th>If \'yes\' please give details</th> </thead> </tr> <tbody> <tr> <td>Have you suffered from any illness/disease requiring treatment for a week or more?(If \'yes\' please give details of the disease and forward any Medical Reports,Diagnosis Tickets, Prescriptions etc)</td> <td><select name=\"Declaration_of_Good_Health_0\"><option value=\'Select\'>Select</option><option value=\'Yes\'>Yes</option><option value=\'No\'>No</option></select></td> <td><input type=\"text\" name=\"Declaration_of_Good_Health_1\" /></td> </tr> <tr> <td>Please give details of past medical history of sickness, operations, accidents or injuries. (Also forward relevant Medical Reports, Diagnosis Tickets, Prescriptions etc)</td> <td><select name=\"Declaration_of_Good_Health_2\"><option value=\'Select\'>Select</option><option value=\'Yes\'>Yes</option><option value=\'No\'>No</option></select></td> <td><input type=\"text\" name=\"Declaration_of_Good_Health_3\" /></td> </tr> <tr> <td>Have there been any deaths due to serious illness amongst your parents. brothers or sisters ?</td> <td><select name=\"Declaration_of_Good_Health_4\"><option value=\'Select\'>Select</option><option value=\'Yes\'>Yes</option><option value=\'No\'>No</option></select></td> <td><input type=\"text\" name=\"Declaration_of_Good_Health_5\" /></td> </tr> <tr> <td>Has any proposal or an application for revival of Policy for Life Assurance on your life been declined, withdrawn, deferred or accepted at special terms ?</td> <td><select name=\"Declaration_of_Good_Health_6\"><option value=\'Select\'>Select</option><option value=\'Yes\'>Yes</option><option value=\'No\'>No</option></select></td> <td><input type=\"text\" name=\"Declaration_of_Good_Health_7\" /></td> </tr> <tr> <td>Do you have or had any kind of threat on your life in the past ?</td> <td><select name=\"Declaration_of_Good_Health_8\"><option value=\'Select\'>Select</option><option value=\'Yes\'>Yes</option><option value=\'No\'>No</option></select></td> <td><input type=\"text\" name=\"Declaration_of_Good_Health_9\" /></td> </tr> <tr> <td>Have you ever been charged/convicted of any criminal offence ?</td> <td><select name=\"Declaration_of_Good_Health_10\"><option value=\'Select\'>Select</option><option value=\'Yes\'>Yes</option><option value=\'No\'>No</option></select></td> <td><input type=\"text\" name=\"Declaration_of_Good_Health_11\" /></td> </tr> <tr> <td>For Female only, Are you pregnant at present ? ( If so, for how many Months ?)</td> <td><select name=\"Declaration_of_Good_Health_12\"><option value=\'Select\'>Select</option><option value=\'Yes\'>Yes</option><option value=\'No\'>No</option></select></td> <td><input type=\"text\" name=\"Declaration_of_Good_Health_13\" /></td> </tr> <tr> <td>At present are youin good health, free from all impairments? If No please give details.</td> <td><select name=\"Declaration_of_Good_Health_14\"><option value=\'Select\'>Select</option><option value=\'Yes\'>Yes</option><option value=\'No\'>No</option></select></td> <td><input type=\"text\" name=\"Declaration_of_Good_Health_15\" /></td> </tr> </tbody> </tr> </table>',''),(580,'table','<table id=\"Declaration_of_Good_Health\" class=\"table table-striped\"> <tr> <thead> <th>Questions to be answered</th> <th>Yes/No</th> <th>If \'yes\' please give details</th> </thead> </tr> <tbody> <tr> <td>Have you suffered from any illness/disease requiring treatment for a week or more?(If \'yes\' please give details of the disease and forward any Medical Reports,Diagnosis Tickets, Prescriptions etc)</td> <td><select name=\"Declaration_of_Good_Health_0\"><option value=\'Select\'>Select</option><option value=\'Yes\'>Yes</option><option value=\'No\'>No</option></select></td> <td><input type=\"text\" name=\"Declaration_of_Good_Health_1\" /></td> </tr> <tr> <td>Please give details of past medical history of sickness, operations, accidents or injuries. (Also forward relevant Medical Reports, Diagnosis Tickets, Prescriptions etc)</td> <td><select name=\"Declaration_of_Good_Health_2\"><option value=\'Select\'>Select</option><option value=\'Yes\'>Yes</option><option value=\'No\'>No</option></select></td> <td><input type=\"text\" name=\"Declaration_of_Good_Health_3\" /></td> </tr> <tr> <td>Have there been any deaths due to serious illness amongst your parents. brothers or sisters ?</td> <td><select name=\"Declaration_of_Good_Health_4\"><option value=\'Select\'>Select</option><option value=\'Yes\'>Yes</option><option value=\'No\'>No</option></select></td> <td><input type=\"text\" name=\"Declaration_of_Good_Health_5\" /></td> </tr> <tr> <td>Has any proposal or an application for revival of Policy for Life Assurance on your life been declined, withdrawn, deferred or accepted at special terms ?</td> <td><select name=\"Declaration_of_Good_Health_6\"><option value=\'Select\'>Select</option><option value=\'Yes\'>Yes</option><option value=\'No\'>No</option></select></td> <td><input type=\"text\" name=\"Declaration_of_Good_Health_7\" /></td> </tr> <tr> <td>Do you have or had any kind of threat on your life in the past ?</td> <td><select name=\"Declaration_of_Good_Health_8\"><option value=\'Select\'>Select</option><option value=\'Yes\'>Yes</option><option value=\'No\'>No</option></select></td> <td><input type=\"text\" name=\"Declaration_of_Good_Health_9\" /></td> </tr> <tr> <td>Have you ever been charged/convicted of any criminal offence ?</td> <td><select name=\"Declaration_of_Good_Health_10\"><option value=\'Select\'>Select</option><option value=\'Yes\'>Yes</option><option value=\'No\'>No</option></select></td> <td><input type=\"text\" name=\"Declaration_of_Good_Health_11\" /></td> </tr> <tr> <td>For Female only, Are you pregnant at present ? ( If so, for how many Months ?)</td> <td><select name=\"Declaration_of_Good_Health_12\"><option value=\'Select\'>Select</option><option value=\'Yes\'>Yes</option><option value=\'No\'>No</option></select></td> <td><input type=\"text\" name=\"Declaration_of_Good_Health_13\" /></td> </tr> <tr> <td>At present are youin good health, free from all impairments? If No please give details.</td> <td><select name=\"Declaration_of_Good_Health_14\"><option value=\'Select\'>Select</option><option value=\'Yes\'>Yes</option><option value=\'No\'>No</option></select></td> <td><input type=\"text\" name=\"Declaration_of_Good_Health_15\" /></td> </tr> </tbody> </tr> </table>',''),(582,'textFeild','',''),(583,'textFeild','',''),(584,'textFeild','[\"\"]',''),(585,'textFeild','[\"\"]',''),(586,'textFeild','[\"\"]',''),(587,'textFeild','[\"\"]',''),(588,'textFeild','[\"\"]',''),(589,'textFeild','',''),(590,'textFeild','',''),(591,'textFeild','',''),(592,'signature','',''),(593,'textFeild','[\"\"]',''),(594,'signature','',''),(595,'checkBox','[\"Credit\r\",\"Life\r\",\"Disabilit\r\",\"Casuality\r\",\"Liability\r\",\"Pet\r\",\"Home\r\",\"Mortgage\r\",\"Health\r\",\"Business\r\",\"Property\r\",\"Long term care\r\",\"Other\"]',''),(596,'checkBox','[\"Credit\r\",\"Life\r\",\"Disabilit\r\",\"Casuality\r\",\"Liability\r\",\"Pet\r\",\"Home\r\",\"Mortgage\r\",\"Health\r\",\"Business\r\",\"Property\r\",\"Long term care\r\",\"Other\"]',''),(597,'checkBox','[\"Association or club recommendation\r\",\"Family or friend recommendation\r\",\"Insurance rating agency (e.g.\r\",\" A. M. Best)\r\",\"Insurance broker\r\",\"Internet\r\",\"Other (please specify)\"]',''),(598,'textFeild','[\"\"]',''),(599,'checkBox','[\"Association or club recommendation \r\",\"Family or friend recommendation\r\",\"Insurance rating agency (e.g.\r\",\" A. M. Best) \r\",\"Insurance broker \r\",\"Internet\r\",\"Other\"]',''),(600,'textFeild','[\"\"]',''),(601,'textFeild','',''),(602,'textFeild','','');
/*!40000 ALTER TABLE `predifine_answer` ENABLE KEYS */;
UNLOCK TABLES;

--
-- Table structure for table `public_user_answers`
--

DROP TABLE IF EXISTS `public_user_answers`;
/*!40101 SET @saved_cs_client     = @@character_set_client */;
/*!40101 SET character_set_client = utf8 */;
CREATE TABLE `public_user_answers` (
  `id` int(11) NOT NULL AUTO_INCREMENT,
  `user_name` varchar(45) DEFAULT NULL,
  `form_id` varchar(45) DEFAULT NULL,
  `question_id` varchar(45) DEFAULT NULL,
  `user_answer` longtext,
  `turn` varchar(45) DEFAULT NULL,
  `done_date` date DEFAULT NULL,
  `ip_address` varchar(45) DEFAULT NULL,
  `reference_id` varchar(45) DEFAULT NULL,
  `time` varchar(45) DEFAULT NULL,
  PRIMARY KEY (`id`)
) ENGINE=InnoDB AUTO_INCREMENT=81 DEFAULT CHARSET=utf8;
/*!40101 SET character_set_client = @saved_cs_client */;

--
-- Dumping data for table `public_user_answers`
--

LOCK TABLES `public_user_answers` WRITE;
/*!40000 ALTER TABLE `public_user_answers` DISABLE KEYS */;
INSERT INTO `public_user_answers` VALUES (1,'YcHOSH','15','65','<table id=\"clientinfo\" class=\"table table-striped\"> <thead>  <tr>   <th></th>   <th>Name</th>   <th>Birth Date</th>   <th>Health/Smoke</th>  </tr> </thead> <tbody>  <tr>   <td>Client A</td>   <td><input type=\"text\" id=\"clientinfo_0\" name=\"clientinfo_0\" value=\"sagala\"></td>   <td><input type=\"text\" id=\"clientinfo_1\" name=\"clientinfo_1\" value=\"\" class=\"bdate\"></td>   <td><input type=\"text\" id=\"clientinfo_2\" name=\"clientinfo_2\" value=\"\"></td>  </tr>  <tr>   <td>Client B</td>   <td><input type=\"text\" id=\"clientinfo_3\" name=\"clientinfo_3\" value=\"RATHNAYAKE\"></td>   <td><input type=\"text\" id=\"clientinfo_4\" name=\"clientinfo_4\" value=\"\" class=\"bdate\"></td>   <td><input type=\"text\" id=\"clientinfo_5\" name=\"clientinfo_5\" value=\"\"></td>  </tr> </tbody> \n</table>','1','2016-10-05','192.168.214.57','123456789v','13:52:57'),(2,'YcHOSH','15','66','<table id=\"childrenInfo\" class=\"table table-striped\"><thead> <tr>  <th></th>  <th>Name</th>  <th>Birth Date</th>  <th>Health/Smoke</th> </tr></thead><tbody> <tr>  <td>children 1</td>  <td><input type=\"text\" id=\"childrenInfo00\" name=\"childrenInfo0\" value=\"\"></td>  <td><input type=\"text\" id=\"childrenInfo01\" name=\"childrenInfo1\" class=\"bdate\" value=\"\"></td>  <td><input type=\"text\" id=\"childrenInfo02\" name=\"childrenInfo2\" value=\"\"></td> </tr> <tr>  <td>children 2</td>  <td><input type=\"text\" id=\"childrenInfo3\" name=\"childrenInfo3\" value=\"\"></td>  <td><input type=\"text\" id=\"childrenInfo11\" name=\"childrenInfo4\" class=\"bdate\" value=\"\"></td>  <td><input type=\"text\" id=\"childrenInfo5\" name=\"childrenInfo5\" value=\"\"></td> </tr> <tr>  <td>children 3</td>  <td><input type=\"text\" id=\"childrenInfo6\" name=\"childrenInfo6\" value=\"\"></td>  <td><input type=\"text\" id=\"childrenInfo21\" name=\"childrenInfo7\" class=\"bdate\" value=\"\"></td>  <td><input type=\"text\" id=\"childrenInfo22\" name=\"childrenInfo8\" value=\"\"></td> </tr> <tr>  <td>children 4</td>  <td><input type=\"text\" id=\"childrenInfo30\" name=\"childrenInfo9\" value=\"\"></td>  <td><input type=\"text\" id=\"childrenInfo31\" name=\"childrenInfo10\" class=\"bdate\" value=\"\"></td>  <td><input type=\"text\" id=\"childrenInfo32\" name=\"childrenInfo11\" value=\"\"></td> </tr></tbody>\n</table>','1','2016-10-05','192.168.214.57','123456789v','13:52:57'),(3,'YcHOSH','15','67','','1','2016-10-05','192.168.214.57','123456789v','13:52:58'),(4,'YcHOSH','15','68','','1','2016-10-05','192.168.214.57','123456789v','13:52:58'),(5,'YcHOSH','15','69','','1','2016-10-05','192.168.214.57','123456789v','13:52:58'),(6,'YcHOSH','15','70','','1','2016-10-05','192.168.214.57','123456789v','13:52:58'),(7,'YcHOSH','15','71','','1','2016-10-05','192.168.214.57','123456789v','13:52:58'),(8,'YcHOSH','15','73','','1','2016-10-05','192.168.214.57','123456789v','13:52:58'),(9,'YcHOSH','15','74','','1','2016-10-05','192.168.214.57','123456789v','13:52:58'),(10,'YcHOSH','15','75','','1','2016-10-05','192.168.214.57','123456789v','13:52:58'),(11,'YcHOSH','15','76','[Yes]','1','2016-10-05','192.168.214.57','123456789v','13:52:58'),(12,'YcHOSH','15','77','69','1','2016-10-05','192.168.214.57','123456789v','13:52:58'),(13,'YcHOSH','15','78','Good','1','2016-10-05','192.168.214.57','123456789v','13:52:58'),(14,'YcHOSH','15','79','[No]','1','2016-10-05','192.168.214.57','123456789v','13:52:58'),(15,'YcHOSH','15','80','[No]','1','2016-10-05','192.168.214.57','123456789v','13:52:58'),(16,'YcHOSH','15','81','64','1','2016-10-05','192.168.214.57','123456789v','13:52:58'),(17,'YcHOSH','15','82','Good','1','2016-10-05','192.168.214.57','123456789v','13:52:58'),(18,'YcHOSH','15','83','[No]','1','2016-10-05','192.168.214.57','123456789v','13:52:58'),(19,'YcHOSH','15','85','','1','2016-10-05','192.168.214.57','123456789v','13:52:58'),(20,'YcHOSH','15','86','','1','2016-10-05','192.168.214.57','123456789v','13:52:59'),(21,'YcHOSH','15','88','','1','2016-10-05','192.168.214.57','123456789v','13:52:59'),(22,'YcHOSH','15','89','','1','2016-10-05','192.168.214.57','123456789v','13:52:59'),(23,'YcHOSH','15','90','No','1','2016-10-05','192.168.214.57','123456789v','13:52:59'),(24,'YcHOSH','15','91','ret','1','2016-10-05','192.168.214.57','123456789v','13:52:59'),(25,'YcHOSH','15','92','rtytuytjuyt','1','2016-10-05','192.168.214.57','123456789v','13:52:59'),(26,'YcHOSH','15','93','rwqrthgy','1','2016-10-05','192.168.214.57','123456789v','13:52:59'),(27,'YcHOSH','15','94','hjhgjygfhgh','1','2016-10-05','192.168.214.57','123456789v','13:52:59'),(28,'YcHOSH','15','95','ytutyutfgrty','1','2016-10-05','192.168.214.57','123456789v','13:52:59'),(29,'YcHOSH','15','96','','1','2016-10-05','192.168.214.57','123456789v','13:52:59'),(30,'YcHOSH','15','97','','1','2016-10-05','192.168.214.57','123456789v','13:52:59'),(31,'YcHOSH','15','98','','1','2016-10-05','192.168.214.57','123456789v','13:52:59'),(32,'YcHOSH','15','99','','1','2016-10-05','192.168.214.57','123456789v','13:52:59'),(33,'YcHOSH','15','100','','1','2016-10-05','192.168.214.57','123456789v','13:52:59'),(34,'YcHOSH','15','101','','1','2016-10-05','192.168.214.57','123456789v','13:52:59'),(35,'YcHOSH','15','102','','1','2016-10-05','192.168.214.57','123456789v','13:52:59'),(36,'YcHOSH','15','103','','1','2016-10-05','192.168.214.57','123456789v','13:52:59'),(37,'YcHOSH','15','104','','1','2016-10-05','192.168.214.57','123456789v','13:52:59'),(38,'YcHOSH','15','106','','1','2016-10-05','192.168.214.57','123456789v','13:52:59'),(39,'YcHOSH','15','107','','1','2016-10-05','192.168.214.57','123456789v','13:53:00'),(40,'YcHOSH','15','108','','1','2016-10-05','192.168.214.57','123456789v','13:53:00'),(41,'YcHOSH','15','109','','1','2016-10-05','192.168.214.57','123456789v','13:53:00'),(42,'YcHOSH','15','110','','1','2016-10-05','192.168.214.57','123456789v','13:53:00'),(43,'YcHOSH','15','111','','1','2016-10-05','192.168.214.57','123456789v','13:53:00'),(44,'YcHOSH','15','112','','1','2016-10-05','192.168.214.57','123456789v','13:53:00'),(45,'YcHOSH','15','113','','1','2016-10-05','192.168.214.57','123456789v','13:53:00'),(46,'YcHOSH','15','114','','1','2016-10-05','192.168.214.57','123456789v','13:53:00'),(47,'YcHOSH','15','115','','1','2016-10-05','192.168.214.57','123456789v','13:53:00'),(48,'YcHOSH','15','116','','1','2016-10-05','192.168.214.57','123456789v','13:53:00'),(49,'YcHOSH','15','117','','1','2016-10-05','192.168.214.57','123456789v','13:53:00'),(50,'YcHOSH','15','118','','1','2016-10-05','192.168.214.57','123456789v','13:53:00'),(51,'YcHOSH','15','119','','1','2016-10-05','192.168.214.57','123456789v','13:53:00'),(52,'YcHOSH','15','120','<table id=\"insuranceInfo\" class=\"table tableinput\"> <thead>  <tr>   <th style=\"width:30%\">Life Insured</th>   <th>Company</th>   <th>Policy No.</th>   <th>Date</th>   <th>Amount</th>   <th>Type</th>   <th>Premium</th>   <th>Beneficiary</th>   <th>Owner</th>   <th>Cash</th>   <th>Value</th>   <th>Dividend</th>   <th>Status</th>  </tr> </thead> <tbody>  <tr>   <td><input type=\"text\" name=\"insuranceInfo0\" placeholder=\"Life Insured\" value=\"\"></td>   <td><input type=\"text\" name=\"insuranceInfo1\" placeholder=\"company\" value=\"\"></td>   <td><input type=\"number\" name=\"insuranceInfo2\" placeholder=\"Policy No.\" value=\"\"></td>   <td><input type=\"text\" name=\"insuranceInfo3\" placeholder=\"date\" class=\"bdate\" value=\"\"></td>   <td><input type=\"number\" name=\"insuranceInfo4\" placeholder=\"amount\" step=\"any\" value=\"\"></td>   <td><input type=\"text\" name=\"insuranceInfo5\" placeholder=\"type\" value=\"\"></td>   <td><input type=\"number\" name=\"insuranceInfo6\" placeholder=\"premium\" step=\"any\" value=\"\"></td>   <td><input type=\"text\" name=\"insuranceInfo7\" placeholder=\"beneficiary\" value=\"\"></td>   <td><input type=\"text\" name=\"insuranceInfo8\" placeholder=\"owner\" value=\"\"></td>   <td><input type=\"number\" name=\"insuranceInfo9\" placeholder=\"cash\" step=\"any\" value=\"\"></td>   <td><input type=\"number\" name=\"insuranceInfo10\" placeholder=\"value\" step=\"any\" value=\"\"></td>   <td><input type=\"number\" name=\"insuranceInfo11\" placeholder=\"dividend\" step=\"any\" value=\"\"></td>   <td><input type=\"text\" name=\"insuranceInfo12\" placeholder=\"status\" value=\"\"></td>  </tr>  <tr>   <td><input type=\"text\" name=\"insuranceInfo13\" placeholder=\"Life Insured\" value=\"\"></td>   <td><input type=\"text\" name=\"insuranceInfo14\" placeholder=\"company\" value=\"\"></td>   <td><input type=\"number\" name=\"insuranceInfo15\" placeholder=\"Policy No.\" value=\"\"></td>   <td><input type=\"text\" name=\"insuranceInfo16\" placeholder=\"date\" class=\"bdate\" value=\"\"></td>   <td><input type=\"number\" name=\"insuranceInfo17\" placeholder=\"amount\" step=\"any\" value=\"\"></td>   <td><input type=\"text\" name=\"insuranceInfo18\" placeholder=\"type\" value=\"\"></td>   <td><input type=\"number\" name=\"insuranceInfo19\" placeholder=\"premium\" step=\"any\" value=\"\"></td>   <td><input type=\"text\" name=\"insuranceInfo20\" placeholder=\"beneficiary\" value=\"\"></td>   <td><input type=\"text\" name=\"insuranceInfo21\" placeholder=\"owner\" value=\"\"></td>   <td><input type=\"number\" name=\"insuranceInfo22\" placeholder=\"cash\" step=\"any\" value=\"\"></td>   <td><input type=\"number\" name=\"insuranceInfo23\" placeholder=\"value\" step=\"any\" value=\"\"></td>   <td><input type=\"number\" name=\"insuranceInfo24\" placeholder=\"dividend\" step=\"any\" value=\"\"></td>   <td><input type=\"text\" name=\"insuranceInfo25\" placeholder=\"status\" value=\"\"></td>  </tr>  <tr>   <td><input type=\"text\" name=\"insuranceInfo26\" placeholder=\"Life Insured\" value=\"\"></td>   <td><input type=\"text\" name=\"insuranceInfo27\" placeholder=\"company\" value=\"\"></td>   <td><input type=\"number\" name=\"insuranceInfo28\" placeholder=\"Policy No.\" value=\"\"></td>   <td><input type=\"text\" name=\"insuranceInfo29\" placeholder=\"date\" class=\"bdate\" value=\"\"></td>   <td><input type=\"number\" name=\"insuranceInfo30\" placeholder=\"amount\" step=\"any\" value=\"\"></td>   <td><input type=\"text\" name=\"insuranceInfo31\" placeholder=\"type\" value=\"\"></td>   <td><input type=\"number\" name=\"insuranceInfo32\" placeholder=\"premium\" step=\"any\" value=\"\"></td>   <td><input type=\"text\" name=\"insuranceInfo33\" placeholder=\"beneficiary\" value=\"\"></td>   <td><input type=\"text\" name=\"insuranceInfo34\" placeholder=\"owner\" value=\"\"></td>   <td><input type=\"number\" name=\"insuranceInfo35\" placeholder=\"cash\" step=\"any\" value=\"\"></td>   <td><input type=\"number\" name=\"insuranceInfo36\" placeholder=\"value\" step=\"any\" value=\"\"></td>   <td><input type=\"number\" name=\"insuranceInfo37\" placeholder=\"dividend\" step=\"any\" value=\"\"></td>   <td><input type=\"text\" name=\"insuranceInfo38\" placeholder=\"status\" value=\"\"></td>  </tr>  <tr>   <td><input type=\"text\" name=\"insuranceInfo39\" placeholder=\"Life Insured\" value=\"\"></td>   <td><input type=\"text\" name=\"insuranceInfo40\" placeholder=\"company\" value=\"\"></td>   <td><input type=\"number\" name=\"insuranceInfo41\" placeholder=\"Policy No.\" value=\"\"></td>   <td><input type=\"text\" name=\"insuranceInfo42\" placeholder=\"date\" class=\"bdate\" value=\"\"></td>   <td><input type=\"number\" name=\"insuranceInfo43\" placeholder=\"amount\" step=\"any\" value=\"\"></td>   <td><input type=\"text\" name=\"insuranceInfo44\" placeholder=\"type\" value=\"\"></td>   <td><input type=\"number\" name=\"insuranceInfo45\" placeholder=\"premium\" step=\"any\" value=\"\"></td>   <td><input type=\"text\" name=\"insuranceInfo46\" placeholder=\"beneficiary\" value=\"\"></td>   <td><input type=\"text\" name=\"insuranceInfo47\" placeholder=\"owner\" value=\"\"></td>   <td><input type=\"number\" name=\"insuranceInfo48\" placeholder=\"cash\" step=\"any\" value=\"\"></td>   <td><input type=\"number\" name=\"insuranceInfo49\" placeholder=\"value\" step=\"any\" value=\"\"></td>   <td><input type=\"number\" name=\"insuranceInfo50\" placeholder=\"dividend\" step=\"any\" value=\"\"></td>   <td><input type=\"text\" name=\"insuranceInfo51\" placeholder=\"status\" value=\"\"></td>  </tr>  <tr>   <td><input type=\"text\" name=\"insuranceInfo52\" placeholder=\"Life Insured\" value=\"\"></td>   <td><input type=\"text\" name=\"insuranceInfo53\" placeholder=\"company\" value=\"\"></td>   <td><input type=\"number\" name=\"insuranceInfo54\" placeholder=\"Policy No.\" value=\"\"></td>   <td><input type=\"text\" name=\"insuranceInfo55\" placeholder=\"date\" class=\"bdate\" value=\"\"></td>   <td><input type=\"number\" name=\"insuranceInfo56\" placeholder=\"amount\" step=\"any\" value=\"\"></td>   <td><input type=\"text\" name=\"insuranceInfo57\" placeholder=\"type\" value=\"\"></td>   <td><input type=\"text\" name=\"insuranceInfo58\" placeholder=\"premium\" step=\"any\" value=\"\"></td>   <td><input type=\"text\" name=\"insuranceInfo59\" placeholder=\"beneficiary\" value=\"\"></td>   <td><input type=\"text\" name=\"insuranceInfo60\" placeholder=\"owner\" value=\"\"></td>   <td><input type=\"text\" name=\"insuranceInfo61\" placeholder=\"cash\" step=\"any\" value=\"\"></td>   <td><input type=\"text\" name=\"insuranceInfo62\" placeholder=\"value\" step=\"any\" value=\"\"></td>   <td><input type=\"text\" name=\"insuranceInfo63\" placeholder=\"dividend\" step=\"any\" value=\"\"></td>   <td><input type=\"text\" name=\"insuranceInfo64\" placeholder=\"status\" value=\"\"></td>  </tr> </tbody> \n</table>','1','2016-10-05','192.168.214.57','123456789v','13:53:00'),(53,'YcHOSH','15','121','','1','2016-10-05','192.168.214.57','123456789v','13:53:00'),(54,'YcHOSH','15','122','','1','2016-10-05','192.168.214.57','123456789v','13:53:00'),(55,'YcHOSH','15','123','','1','2016-10-05','192.168.214.57','123456789v','13:53:00'),(56,'YcHOSH','15','124','','1','2016-10-05','192.168.214.57','123456789v','13:53:00'),(57,'YcHOSH','15','125','<table id=\"asset\" class=\"table table-striped\"> <thead>  <tr>   <th>Asset</th>   <th>Client A</th>   <th>Client B</th>  </tr> </thead> <tbody>  <tr>   <td>Cash</td>   <td><input type=\"number\" name=\"client_0\" placeholder=\"cash\" value=\"\" step=\"any\"></td>   <td><input type=\"number\" name=\"client_1\" placeholder=\"cash\" value=\"\" step=\"any\"></td>  </tr>  <tr>   <td>Bank Accounts/CDs</td>   <td><input type=\"number\" name=\"client_2\" placeholder=\"bank account\" step=\"any\" value=\"\"></td>   <td><input type=\"number\" name=\"client_3\" placeholder=\"bank account\" step=\"any\" value=\"\"></td>  </tr>  <tr>   <td>Personal Property (Non Liquid)</td>   <td><input type=\"number\" name=\"client_4\" placeholder=\"Personal Property\" step=\"any\" value=\"\"></td>   <td><input type=\"number\" name=\"client_5\" placeholder=\"Personal Property\" step=\"any\" value=\"\"></td>  </tr>  <tr>   <td>Stocks</td>   <td><input type=\"number\" name=\"client_6\" placeholder=\"Stocks\" step=\"any\" value=\"\"></td>   <td><input type=\"number\" name=\"client_7\" placeholder=\"Stocks\" step=\"any\" value=\"\"></td>  </tr>  <tr>   <td>Bonds (Corporate &amp; Government)</td>   <td><input type=\"number\" name=\"client_8\" placeholder=\"Bonds\" step=\"any\" value=\"\"></td>   <td><input type=\"number\" name=\"client_9\" placeholder=\"Bonds\" step=\"any\" value=\"\"></td>  </tr>  <tr>   <td>Tax Free Bonds</td>   <td><input type=\"number\" name=\"client_10\" placeholder=\"Tax Free Bonds\" step=\"any\" value=\"\"></td>   <td><input type=\"number\" name=\"client_11\" placeholder=\"Tax Free Bonds\" step=\"any\" value=\"\"></td>  </tr>  <tr>   <td>Real Estate Residence(Net of mortgage)</td>   <td><input type=\"number\" name=\"client_12\" placeholder=\"Real Estate Residence\" step=\"any\" value=\"\"></td>   <td><input type=\"number\" name=\"client_13\" placeholder=\"Real Estate Residence\" step=\"any\" value=\"\"></td>  </tr>  <tr>   <td>Other Real Estate</td>   <td><input type=\"number\" name=\"client_14\" placeholder=\"Other Real Estate\" step=\"any\" value=\"\"></td>   <td><input type=\"number\" name=\"client_15\" placeholder=\"Other Real Estate\" step=\"any\" value=\"\"></td>  </tr>  <tr>   <td>Business Interest</td>   <td><input type=\"number\" name=\"client_16\" placeholder=\"Business Interest\" step=\"any\" value=\"\"></td>   <td><input type=\"number\" name=\"client_17\" placeholder=\"Business Interest\" step=\"any\" value=\"\"></td>  </tr>  <tr>   <td>Insurance Cash Values</td>   <td><input type=\"number\" name=\"client_18\" placeholder=\"Insurance Cash Values\" step=\"any\" value=\"\"></td>   <td><input type=\"number\" name=\"client_19\" placeholder=\"Insurance Cash Values\" step=\"any\" value=\"\"></td>  </tr>  <tr>   <td>Pension Fund</td>   <td><input type=\"number\" name=\"client_20\" placeholder=\"Pension Fund\" step=\"any\" value=\"\"></td>   <td><input type=\"number\" name=\"client_21\" placeholder=\"Pension Fund\" step=\"any\" value=\"\"></td>  </tr>  <tr>   <td>Other Assets</td>   <td><input type=\"number\" name=\"client_22\" placeholder=\"Other Assets\" step=\"any\" value=\"\"></td>   <td><input type=\"number\" name=\"client_23\" placeholder=\"Other Assets\" step=\"any\" value=\"\"></td>  </tr>  <tr>   <td>Other Assets</td>   <td><input type=\"number\" name=\"client_24\" placeholder=\"Other Assets\" step=\"any\" value=\"\"></td>   <td><input type=\"number\" name=\"client_25\" placeholder=\"Other Assets\" step=\"any\" value=\"\"></td>  </tr>  <tr>   <td>Other Assets</td>   <td><input type=\"number\" name=\"client_26\" placeholder=\"Other Assets\" step=\"any\" value=\"\"></td>   <td><input type=\"number\" name=\"client_27\" placeholder=\"Other Assets\" step=\"any\" value=\"\"></td>  </tr>  <tr>   <td>Total</td>   <td><input type=\"number\" name=\"client_28\" placeholder=\"total\" totala=\"0\" step=\"any\" disabled value=\"0.0\"></td>   <td><input type=\"number\" name=\"client_29\" placeholder=\"total\" totalb=\"0\" step=\"any\" disabled value=\"0.0\"></td>  </tr> </tbody> \n</table>','1','2016-10-05','192.168.214.57','123456789v','13:53:00'),(58,'YcHOSH','15','126','<table id=\"liabilities\" class=\"table table-striped\"> <thead>  <tr>   <th>Liabilities</th>   <th>Client A</th>   <th>Client B</th>  </tr> </thead> <tbody>  <tr>   <td>Mortgage/Residence</td>   <td><input type=\"number\" name=\"liability_0\" placeholder=\"Mortgage/Residence\" step=\"any\" value=\"\"></td>   <td><input type=\"number\" name=\"liability_1\" placeholder=\"Mortgage/Residence\" step=\"any\" value=\"\"></td>  </tr>  <tr>   <td>Mortgage/Other</td>   <td><input type=\"number\" name=\"liability_2\" placeholder=\"Mortgage/Other\" step=\"any\" value=\"\"></td>   <td><input type=\"number\" name=\"liability_3\" placeholder=\"Mortgage/Other\" step=\"any\" value=\"\"></td>  </tr>  <tr>   <td>Auto Loan(s)</td>   <td><input type=\"number\" name=\"liability_4\" placeholder=\"Auto Loan(s)\" step=\"any\" value=\"\"></td>   <td><input type=\"number\" name=\"liability_5\" placeholder=\"Auto Loan(s)\" step=\"any\" value=\"\"></td>  </tr>  <tr>   <td>Credit Card debt</td>   <td><input type=\"number\" name=\"liability_6\" placeholder=\"Credit Card debt\" step=\"any\" value=\"\"></td>   <td><input type=\"number\" name=\"liability_7\" placeholder=\"Credit Card debt\" step=\"any\" value=\"\"></td>  </tr>  <tr>   <td>Debts/Notes</td>   <td><input type=\"number\" name=\"liability_8\" placeholder=\"Debts/Notes\" step=\"any\" value=\"\"></td>   <td><input type=\"number\" name=\"liability_9\" placeholder=\"Debts/Notes\" step=\"any\" value=\"\"></td>  </tr>  <tr>   <td>Other Debt Obligations</td>   <td><input type=\"number\" name=\"liability_10\" placeholder=\"Other Debt Obligations\" step=\"any\" value=\"\"></td>   <td><input type=\"number\" name=\"liability_11\" placeholder=\"Other Debt Obligations\" step=\"any\" value=\"\"></td>  </tr>  <tr>   <td>Total</td>   <td><input type=\"number\" name=\"liability_12\" placeholder=\"total\" totala=\"0\" step=\"any\" disabled value=\"0.0\"></td>   <td><input type=\"number\" name=\"liability_13\" placeholder=\"total\" totalb=\"0\" step=\"any\" disabled value=\"0.0\"></td>  </tr> </tbody> \n</table>','1','2016-10-05','192.168.214.57','123456789v','13:53:01'),(59,'YcHOSH','15','143','<table id=\"cashNeeds\" class=\"table table-striped\"> <thead>  <tr>   <th></th>   <th>You</th>   <th>Spouse</th>  </tr> </thead> <tbody>  <tr>   <td>Immediate Money Fund: This funds is for bills presented after death, which will have to be paid. They may include: Medical expenses, Attorney/Executor feeds, Hospital expenses, Probate Court costs,Funeral expenses, Taxes. 50% of the total annual salary or income is usually recommended.</td>   <td><input type=\"number\" name=\"cashNeeds_0\" placeholder=\"Rs: \" step=\"any\" value=\"\"></td>   <td><input type=\"number\" name=\"cashNeeds_1\" placeholder=\"Rs: \" step=\"any\" value=\"\"></td>  </tr>  <tr>   <td>Debt Liquidation: Credit Card balances, School loans, Auto Loans, Outstanding loans. 50% of the total annual salary or income is usually recommended.</td>   <td><input type=\"number\" name=\"cashNeeds_2\" placeholder=\"Rs: \" step=\"any\" value=\"\"></td>   <td><input type=\"number\" name=\"cashNeeds_3\" placeholder=\"Rs: \" step=\"any\" value=\"\"></td>  </tr>  <tr>   <td>Emergency Found :This fund is for inexpected bills not readily payable from current income. Such things as: Major repairs to home or car, Medical emergencies, etc. Three to six months is usually recommended.</td>   <td><input type=\"number\" name=\"cashNeeds_4\" placeholder=\"Rs: \" step=\"any\" value=\"\"></td>   <td><input type=\"number\" name=\"cashNeeds_5\" placeholder=\"Rs: \" step=\"any\" value=\"\"></td>  </tr>  <tr>   <td>Mortgage/Rent Fund : What would it take to pay off your mortgage today or what amount is sufficient for a ten year rent fund ?(Monthly rent * 120 months)</td>   <td><input type=\"number\" name=\"cashNeeds_6\" placeholder=\"Rs: \" step=\"any\" value=\"\"></td>   <td><input type=\"number\" name=\"cashNeeds_7\" placeholder=\"Rs: \" step=\"any\" value=\"\"></td>  </tr>  <tr>   <td>Education Fund :(The estimated cost of a four year undergraduate education or comparable vocational training will vary by state and type of school.)</td>   <td><input type=\"number\" name=\"cashNeeds_8\" placeholder=\"Rs: \" step=\"any\" value=\"\"></td>   <td><input type=\"number\" name=\"cashNeeds_9\" placeholder=\"Rs: \" step=\"any\" value=\"\"></td>  </tr>  <tr>   <td>Subtract total of current savings, other Liquid assets and existing life insurance</td>   <td><input type=\"number\" name=\"cashNeeds_10\" placeholder=\"Rs: \" step=\"any\" value=\"\"></td>   <td><input type=\"number\" name=\"cashNeeds_11\" placeholder=\"Rs: \" step=\"any\" value=\"\"></td>  </tr>  <tr>   <td>New capital required</td>   <td><input type=\"number\" name=\"cashNeeds_12\" placeholder=\"Rs: \" step=\"any\" value=\"\"></td>   <td><input type=\"number\" name=\"cashNeeds_13\" placeholder=\"Rs: \" step=\"any\" value=\"\"></td>  </tr>  <tr>   <td>Total</td>   <td><input type=\"number\" name=\"cashNeeds_14\" placeholder=\"total\" value=\"0.0\" cashneedstotala=\"0\" step=\"any\" disabled></td>   <td><input type=\"number\" name=\"cashNeeds_15\" placeholder=\"total\" value=\"0.0\" cashneedstotalb=\"0\" step=\"any\" disabled></td>  </tr> </tbody> \n</table>','1','2016-10-05','192.168.214.57','123456789v','13:53:01'),(60,'YcHOSH','15','144','<table id=\"incomeNeeds\" class=\"table table-striped\"> <thead>  <tr>   <th></th>   <th>You</th>   <th>Spouse</th>  </tr> </thead> <tbody>  <tr>   <td>Present Income(total Income of both wage earners)</td>   <td><input type=\"number\" name=\"incomeNeeds_0\" placeholder=\"Rs: \" step=\"any\" value=\"\"></td>   <td><input type=\"number\" name=\"incomeNeeds_1\" placeholder=\"Rs: \" step=\"any\" value=\"\"></td>  </tr>  <tr>   <td>At death of </td>   <td><input type=\"number\" name=\"incomeNeeds_2\" placeholder=\"Rs: \" step=\"any\" value=\"\"></td>   <td><input type=\"number\" name=\"incomeNeeds_3\" placeholder=\"Rs: \" step=\"any\" value=\"\"></td>  </tr>  <tr>   <td>Income Objective(70% from annual income)</td>   <td><input type=\"number\" name=\"incomeNeeds_4\" placeholder=\"Rs: \" step=\"any\" value=\"\"></td>   <td><input type=\"number\" name=\"incomeNeeds_5\" placeholder=\"Rs: \" step=\"any\" value=\"\"></td>  </tr>  <tr>   <td>Guaranteed Income</td>   <td><input type=\"number\" name=\"incomeNeeds_6\" placeholder=\"Rs: \" step=\"any\" value=\"\"></td>   <td><input type=\"number\" name=\"incomeNeeds_7\" placeholder=\"Rs: \" step=\"any\" value=\"\"></td>  </tr>  <tr>   <td>Preliminary income shortage</td>   <td><input type=\"number\" name=\"incomeNeeds_8\" placeholder=\"Rs: \" step=\"any\" value=\"\"></td>   <td><input type=\"number\" name=\"incomeNeeds_9\" placeholder=\"Rs: \" step=\"any\" value=\"\"></td>  </tr>  <tr>   <td>Ohter Income(If any)</td>   <td><input type=\"number\" name=\"incomeNeeds_10\" placeholder=\"Rs: \" step=\"any\" value=\"\"></td>   <td><input type=\"number\" name=\"incomeNeeds_11\" placeholder=\"Rs: \" step=\"any\" value=\"\"></td>  </tr>  <tr>   <td>Total annual income shortage</td>   <td><input type=\"number\" name=\"incomeNeeds_12\" placeholder=\"Rs: \" step=\"any\" value=\"\"></td>   <td><input type=\"number\" name=\"incomeNeeds_13\" placeholder=\"Rs: \" step=\"any\" value=\"\"></td>  </tr>  <tr>   <td>Amount of capital required to provide this income(Eg: Amount of capital required to provide this income = Total Annual income shortage * Assume Interest rate)</td>   <td><input type=\"number\" name=\"incomeNeeds_14\" placeholder=\"Rs: \" step=\"any\" value=\"\"></td>   <td><input type=\"number\" name=\"incomeNeeds_15\" placeholder=\"Rs: \" step=\"any\" value=\"\"></td>  </tr>  <tr>   <td>Cash needs requirement</td>   <td><input type=\"number\" name=\"incomeNeeds_16\" placeholder=\"Rs: \" step=\"any\" value=\"\"></td>   <td><input type=\"number\" name=\"incomeNeeds_17\" placeholder=\"Rs: \" step=\"any\" value=\"\"></td>  </tr>  <tr>   <td>Total New capital Required</td>   <td><input type=\"number\" name=\"incomeNeeds_18\" placeholder=\"Rs: \" step=\"any\" value=\"\"></td>   <td><input type=\"number\" name=\"incomeNeeds_19\" placeholder=\"Rs: \" step=\"any\" value=\"\"></td>  </tr>  <tr>   <td>Total</td>   <td><input type=\"number\" name=\"incomeNeeds_20\" placeholder=\"total\" incomeneedsa=\"\" value=\"\" step=\"any\" readonly></td>   <td><input type=\"number\" name=\"incomeNeeds_21\" placeholder=\"total\" incomeneedsb=\"\" value=\"\" step=\"any\" readonly></td>  </tr> </tbody> \n</table>','1','2016-10-05','192.168.214.57','123456789v','13:53:01'),(61,'YcHOSH','15','127','','1','2016-10-05','192.168.214.57','123456789v','13:53:01'),(62,'YcHOSH','15','128','','1','2016-10-05','192.168.214.57','123456789v','13:53:01'),(63,'YcHOSH','15','129','','1','2016-10-05','192.168.214.57','123456789v','13:53:01'),(64,'YcHOSH','15','130','','1','2016-10-05','192.168.214.57','123456789v','13:53:01'),(65,'YcHOSH','15','131','','1','2016-10-05','192.168.214.57','123456789v','13:53:01'),(66,'YcHOSH','15','133','<table id=\"expensess\" class=\"table table-striped\"> <thead>  <tr>   <th>Expenses</th>   <th>Amount Today</th>   <th>Amount in Retirement</th>  </tr> </thead> <tbody>  <tr>   <td>Mortgage or rent</td>   <td><input type=\"number\" name=\"expensess_0\" placeholder=\"Mortgage or rent\" step=\"any\" value=\"\"></td>   <td><input type=\"number\" name=\"expensess_1\" placeholder=\"Mortgage or rent\" step=\"any\" value=\"\"></td>  </tr>  <tr>   <td>Food</td>   <td><input type=\"number\" name=\"expensess_2\" placeholder=\"Food\" step=\"any\" value=\"\"></td>   <td><input type=\"number\" name=\"expensess_3\" placeholder=\"Food\" step=\"any\" value=\"\"></td>  </tr>  <tr>   <td>Traveling</td>   <td><input type=\"number\" name=\"expensess_4\" placeholder=\"Traveling\" step=\"any\" value=\"\"></td>   <td><input type=\"number\" name=\"expensess_5\" placeholder=\"Traveling\" step=\"any\" value=\"\"></td>  </tr>  <tr>   <td>Car &amp; Home Insurance</td>   <td><input type=\"number\" name=\"expensess_6\" placeholder=\"Car &amp; Home Insurance\" step=\"any\" value=\"\"></td>   <td><input type=\"number\" name=\"expensess_7\" placeholder=\"Car &amp; Home Insurance\" step=\"any\" value=\"\"></td>  </tr>  <tr>   <td>Health Insurance</td>   <td><input type=\"number\" name=\"expensess_8\" placeholder=\"Health Insurance\" step=\"any\" value=\"\"></td>   <td><input type=\"number\" name=\"expensess_9\" placeholder=\"Health Insurance\" step=\"any\" value=\"\"></td>  </tr>  <tr>   <td>Non-covered Health Costs</td>   <td><input type=\"number\" name=\"expensess_10\" placeholder=\"Non-covered Health Costs\" step=\"any\" value=\"\"></td>   <td><input type=\"number\" name=\"expensess_11\" placeholder=\"Non-covered Health Costs\" step=\"any\" value=\"\"></td>  </tr>  <tr>   <td>Debt Repayment</td>   <td><input type=\"number\" name=\"expensess_12\" placeholder=\"Debt Repayment\" step=\"any\" value=\"\"></td>   <td><input type=\"number\" name=\"expensess_13\" placeholder=\"Debt Repayment\" step=\"any\" value=\"\"></td>  </tr>  <tr>   <td>Utility Bills(Electricity/Water/Telephone)</td>   <td><input type=\"number\" name=\"expensess_14\" placeholder=\"Utility Bills\" step=\"any\" value=\"\"></td>   <td><input type=\"number\" name=\"expensess_15\" placeholder=\"Utility Bills\" step=\"any\" value=\"\"></td>  </tr>  <tr>   <td>Festivals</td>   <td><input type=\"number\" name=\"expensess_16\" placeholder=\"Festivals\" step=\"any\" value=\"\"></td>   <td><input type=\"number\" name=\"expensess_17\" placeholder=\"Festivals\" step=\"any\" value=\"\"></td>  </tr>  <tr>   <td>Donations</td>   <td><input type=\"number\" name=\"expensess_18\" placeholder=\"Donations\" step=\"any\" value=\"\"></td>   <td><input type=\"number\" name=\"expensess_19\" placeholder=\"Donations\" step=\"any\" value=\"\"></td>  </tr>  <tr>   <td>Entertainment/Travel</td>   <td><input type=\"number\" name=\"expensess_20\" placeholder=\"Entertainment/Travel\" step=\"any\" value=\"\"></td>   <td><input type=\"number\" name=\"expensess_21\" placeholder=\"Entertainment/Travel\" step=\"any\" value=\"\"></td>  </tr>  <tr>   <td>Total</td>   <td><input type=\"number\" name=\"expensess_22\" placeholder=\"total\" expensessa=\"0\" value=\"\" step=\"any\" readonly></td>   <td><input type=\"number\" name=\"expensess_23\" placeholder=\"total\" expensessb=\"0\" value=\"\" step=\"any\" readonly></td>  </tr> </tbody> \n</table>','1','2016-10-05','192.168.214.57','123456789v','13:53:01'),(67,'YcHOSH','15','134','<table id=\"income\" class=\"table table-striped\"> <thead>  <tr>   <th>Income</th>   <th>Amount</th>  </tr> </thead> <tbody>  <tr>   <td>Pension Plan</td>   <td><input type=\"number\" name=\"income_0\" placeholder=\"Pension Plan\" step=\"any\" value=\"\"></td>  </tr>  <tr>   <td>EPF/ETF/MSPS</td>   <td><input type=\"number\" name=\"income_1\" placeholder=\"EPF/ETF/MSPS\" step=\"any\" value=\"\"></td>  </tr>  <tr>   <td>Total Guaranteed Income</td>   <td><input type=\"number\" name=\"income_2\" placeholder=\"Guaranteed Income\" step=\"any\" value=\"\"></td>  </tr>  <tr>   <td>Retirement Expensess</td>   <td><input type=\"number\" name=\"income_3\" placeholder=\"Retirement Expensess\" step=\"any\" value=\"\"></td>  </tr>  <tr>   <td>Income needed from savings</td>   <td><input type=\"number\" name=\"income_4\" placeholder=\"Income needed from savings\" step=\"any\" value=\"\"></td>  </tr>  <tr>   <td>Total</td>   <td><input type=\"number\" name=\"income_5\" placeholder=\"total\" value=\"\" incomea=\"0\" readonly step=\"any\"></td>  </tr> </tbody> \n</table>','1','2016-10-05','192.168.214.57','123456789v','13:53:01'),(68,'YcHOSH','15','135','','1','2016-10-05','192.168.214.57','123456789v','13:53:01'),(69,'YcHOSH','15','136','','1','2016-10-05','192.168.214.57','123456789v','13:53:01'),(70,'YcHOSH','15','137','','1','2016-10-05','192.168.214.57','123456789v','13:53:01'),(71,'YcHOSH','15','138','','1','2016-10-05','192.168.214.57','123456789v','13:53:01'),(72,'YcHOSH','15','139','','1','2016-10-05','192.168.214.57','123456789v','13:53:02'),(73,'YcHOSH','15','140','','1','2016-10-05','192.168.214.57','123456789v','13:53:02'),(74,'YcHOSH','15','141','','1','2016-10-05','192.168.214.57','123456789v','13:53:02'),(75,'YcHOSH','15','142','','1','2016-10-05','192.168.214.57','123456789v','13:53:02'),(76,'YcHOSH','15','72',NULL,'1','2016-10-05',NULL,'123456789v','13:53:02'),(77,'YcHOSH','15','84',NULL,'1','2016-10-05',NULL,'123456789v','13:53:02'),(78,'YcHOSH','15','87',NULL,'1','2016-10-05',NULL,'123456789v','13:53:02'),(79,'YcHOSH','15','105',NULL,'1','2016-10-05',NULL,'123456789v','13:53:02'),(80,'YcHOSH','15','132',NULL,'1','2016-10-05',NULL,'123456789v','13:53:03');
/*!40000 ALTER TABLE `public_user_answers` ENABLE KEYS */;
UNLOCK TABLES;

--
-- Table structure for table `result_form`
--

DROP TABLE IF EXISTS `result_form`;
/*!40101 SET @saved_cs_client     = @@character_set_client */;
/*!40101 SET character_set_client = utf8 */;
CREATE TABLE `result_form` (
  `id` int(11) NOT NULL AUTO_INCREMENT,
  `user_name` varchar(45) DEFAULT NULL,
  `form_id` int(11) DEFAULT NULL,
  `number_of_questions` int(11) DEFAULT NULL,
  `number_of_correctAnswers` int(11) DEFAULT NULL,
  `number_of_unAnswers` int(11) DEFAULT NULL,
  `pass_mark` int(11) DEFAULT NULL,
  `turn` varchar(45) DEFAULT NULL,
  PRIMARY KEY (`id`)
) ENGINE=InnoDB DEFAULT CHARSET=utf8;
/*!40101 SET character_set_client = @saved_cs_client */;

--
-- Dumping data for table `result_form`
--

LOCK TABLES `result_form` WRITE;
/*!40000 ALTER TABLE `result_form` DISABLE KEYS */;
/*!40000 ALTER TABLE `result_form` ENABLE KEYS */;
UNLOCK TABLES;

--
-- Table structure for table `role`
--

DROP TABLE IF EXISTS `role`;
/*!40101 SET @saved_cs_client     = @@character_set_client */;
/*!40101 SET character_set_client = utf8 */;
CREATE TABLE `role` (
  `id` int(11) NOT NULL,
  `role_name` varchar(45) DEFAULT NULL,
  PRIMARY KEY (`id`)
) ENGINE=InnoDB DEFAULT CHARSET=utf8;
/*!40101 SET character_set_client = @saved_cs_client */;

--
-- Dumping data for table `role`
--

LOCK TABLES `role` WRITE;
/*!40000 ALTER TABLE `role` DISABLE KEYS */;
INSERT INTO `role` VALUES (1,'admin'),(2,'user'),(3,'supervise');
/*!40000 ALTER TABLE `role` ENABLE KEYS */;
UNLOCK TABLES;

--
-- Table structure for table `temp_form`
--

DROP TABLE IF EXISTS `temp_form`;
/*!40101 SET @saved_cs_client     = @@character_set_client */;
/*!40101 SET character_set_client = utf8 */;
CREATE TABLE `temp_form` (
  `form_id` int(11) NOT NULL AUTO_INCREMENT,
  `form_name` longtext,
  `form_description` longtext,
  `form_type` varchar(45) DEFAULT NULL,
  `form_access_type` varchar(45) DEFAULT NULL,
  `form_duration` varchar(45) DEFAULT '01:00:00',
  `pass_mark` varchar(45) DEFAULT '70',
  `department` longtext,
  `segment_id` int(11) DEFAULT NULL,
  `segment_order` int(11) DEFAULT NULL,
  `segment_title` longtext,
  `segment_description` longtext,
  `question_id` int(11) DEFAULT NULL,
  `question_order` varchar(45) DEFAULT NULL,
  `question` longtext,
  `question_type` varchar(45) DEFAULT NULL,
  `preAnswers` longtext,
  `correctAnswer` longtext,
  `paginate_no` int(11) DEFAULT NULL,
  `exam_start_date` date DEFAULT NULL,
  `exam_end_date` date DEFAULT NULL,
  PRIMARY KEY (`form_id`)
) ENGINE=InnoDB DEFAULT CHARSET=utf8;
/*!40101 SET character_set_client = @saved_cs_client */;

--
-- Dumping data for table `temp_form`
--

LOCK TABLES `temp_form` WRITE;
/*!40000 ALTER TABLE `temp_form` DISABLE KEYS */;
/*!40000 ALTER TABLE `temp_form` ENABLE KEYS */;
UNLOCK TABLES;

--
-- Table structure for table `user`
--

DROP TABLE IF EXISTS `user`;
/*!40101 SET @saved_cs_client     = @@character_set_client */;
/*!40101 SET character_set_client = utf8 */;
CREATE TABLE `user` (
  `id` int(11) NOT NULL AUTO_INCREMENT,
  `user_name` varchar(45) NOT NULL,
  `password` longtext,
  `role` varchar(45) DEFAULT NULL,
  `login_type` varchar(45) DEFAULT NULL,
  `first_name` varchar(45) DEFAULT NULL,
  `last_name` varchar(45) DEFAULT NULL,
  `email` varchar(45) DEFAULT NULL,
  `department` varchar(45) DEFAULT NULL,
  `security_question` varchar(45) DEFAULT NULL,
  `security_question_answer` varchar(45) DEFAULT NULL,
  PRIMARY KEY (`id`,`user_name`)
) ENGINE=InnoDB AUTO_INCREMENT=19 DEFAULT CHARSET=utf8;
/*!40101 SET character_set_client = @saved_cs_client */;

--
-- Dumping data for table `user`
--

LOCK TABLES `user` WRITE;
/*!40000 ALTER TABLE `user` DISABLE KEYS */;
INSERT INTO `user` VALUES (1,'admin@allianz.lk','240be518fabd2724ddb6f04eeb1da5967448d7e831c08c8fa822809f74c720a9','admin','db','admin','admin','admin@allianz.lk','null',NULL,NULL),(4,'jayomir@allianz.lk','72cc63cfd1f7890818568a1cfdf0279c94f2ff6ad4becf3ae4d0eb7751fc932a','user','db','','','jayomir@allianz.lk','IT Dept','question2','cat'),(5,'dulari@allianz.lk','f014329250b276bcb1fbcd7b8d44ed53116b7f36f622ea796d193cd9facd701a','modarator','db','dulari','frenando','dulari@allianz.lk','Branch Life',NULL,NULL),(11,'kasunb@allianz.lk','6da1bb5d4dc381b69b28c17c5adeda0aa5b85222074f54831c2990f90b24acec','user','db','kasun','batagoda','kasunb@allianz.lk','Finance Dept.',NULL,NULL);
/*!40000 ALTER TABLE `user` ENABLE KEYS */;
UNLOCK TABLES;

--
-- Table structure for table `user_answer_table`
--

DROP TABLE IF EXISTS `user_answer_table`;
/*!40101 SET @saved_cs_client     = @@character_set_client */;
/*!40101 SET character_set_client = utf8 */;
CREATE TABLE `user_answer_table` (
  `id` int(11) NOT NULL AUTO_INCREMENT,
  `user_name` varchar(45) NOT NULL,
  `form_id` int(11) NOT NULL,
  `question_id` int(11) NOT NULL,
  `user_answer` longtext,
  `turn` int(11) DEFAULT NULL,
  `done_date` date DEFAULT NULL,
  `signature` blob,
  PRIMARY KEY (`id`)
) ENGINE=InnoDB AUTO_INCREMENT=81 DEFAULT CHARSET=utf8;
/*!40101 SET character_set_client = @saved_cs_client */;

--
-- Dumping data for table `user_answer_table`
--

LOCK TABLES `user_answer_table` WRITE;
/*!40000 ALTER TABLE `user_answer_table` DISABLE KEYS */;
INSERT INTO `user_answer_table` VALUES (1,'jayomir@allianz.lk',15,65,'<table id=\"clientinfo\" class=\"table table-striped\"> <thead>  <tr>   <th></th>   <th>Name</th>   <th>Birth Date</th>   <th>Health/Smoke</th>  </tr> </thead> <tbody>  <tr>   <td>Client A</td>   <td><input type=\"text\" id=\"clientinfo_0\" name=\"clientinfo_0\" value=\"tyutyu\"></td>   <td><input type=\"text\" id=\"clientinfo_1\" name=\"clientinfo_1\" value=\"10/12/2016\" class=\"bdate\"></td>   <td><input type=\"text\" id=\"clientinfo_2\" name=\"clientinfo_2\" value=\"\"></td>  </tr>  <tr>   <td>Client B</td>   <td><input type=\"text\" id=\"clientinfo_3\" name=\"clientinfo_3\" value=\"tyjut7u6\"></td>   <td><input type=\"text\" id=\"clientinfo_4\" name=\"clientinfo_4\" value=\"\" class=\"bdate\"></td>   <td><input type=\"text\" id=\"clientinfo_5\" name=\"clientinfo_5\" value=\"\"></td>  </tr> </tbody> \n</table>',1,'2016-10-06',NULL),(2,'jayomir@allianz.lk',15,66,'<table id=\"childrenInfo\" class=\"table table-striped\"><thead> <tr>  <th></th>  <th>Name</th>  <th>Birth Date</th>  <th>Health/Smoke</th> </tr></thead><tbody> <tr>  <td>children 1</td>  <td><input type=\"text\" id=\"childrenInfo00\" name=\"childrenInfo0\" value=\"\"></td>  <td><input type=\"text\" id=\"childrenInfo01\" name=\"childrenInfo1\" class=\"bdate\" value=\"\"></td>  <td><input type=\"text\" id=\"childrenInfo02\" name=\"childrenInfo2\" value=\"\"></td> </tr> <tr>  <td>children 2</td>  <td><input type=\"text\" id=\"childrenInfo3\" name=\"childrenInfo3\" value=\"\"></td>  <td><input type=\"text\" id=\"childrenInfo11\" name=\"childrenInfo4\" class=\"bdate\" value=\"\"></td>  <td><input type=\"text\" id=\"childrenInfo5\" name=\"childrenInfo5\" value=\"\"></td> </tr> <tr>  <td>children 3</td>  <td><input type=\"text\" id=\"childrenInfo6\" name=\"childrenInfo6\" value=\"\"></td>  <td><input type=\"text\" id=\"childrenInfo21\" name=\"childrenInfo7\" class=\"bdate\" value=\"\"></td>  <td><input type=\"text\" id=\"childrenInfo22\" name=\"childrenInfo8\" value=\"\"></td> </tr> <tr>  <td>children 4</td>  <td><input type=\"text\" id=\"childrenInfo30\" name=\"childrenInfo9\" value=\"\"></td>  <td><input type=\"text\" id=\"childrenInfo31\" name=\"childrenInfo10\" class=\"bdate\" value=\"\"></td>  <td><input type=\"text\" id=\"childrenInfo32\" name=\"childrenInfo11\" value=\"\"></td> </tr></tbody>\n</table>',1,'2016-10-06',NULL),(3,'jayomir@allianz.lk',15,67,'',1,'2016-10-06',NULL),(4,'jayomir@allianz.lk',15,68,'',1,'2016-10-06',NULL),(5,'jayomir@allianz.lk',15,69,'',1,'2016-10-06',NULL),(6,'jayomir@allianz.lk',15,70,'',1,'2016-10-06',NULL),(7,'jayomir@allianz.lk',15,71,'',1,'2016-10-06',NULL),(8,'jayomir@allianz.lk',15,73,'',1,'2016-10-06',NULL),(9,'jayomir@allianz.lk',15,74,'',1,'2016-10-06',NULL),(10,'jayomir@allianz.lk',15,75,'',1,'2016-10-06',NULL),(11,'jayomir@allianz.lk',15,77,'',1,'2016-10-06',NULL),(12,'jayomir@allianz.lk',15,78,'',1,'2016-10-06',NULL),(13,'jayomir@allianz.lk',15,81,'',1,'2016-10-06',NULL),(14,'jayomir@allianz.lk',15,82,'',1,'2016-10-06',NULL),(15,'jayomir@allianz.lk',15,85,'',1,'2016-10-06',NULL),(16,'jayomir@allianz.lk',15,86,'',1,'2016-10-06',NULL),(17,'jayomir@allianz.lk',15,88,'',1,'2016-10-06',NULL),(18,'jayomir@allianz.lk',15,89,'',1,'2016-10-06',NULL),(19,'jayomir@allianz.lk',15,90,'',1,'2016-10-06',NULL),(20,'jayomir@allianz.lk',15,91,'',1,'2016-10-06',NULL),(21,'jayomir@allianz.lk',15,92,'',1,'2016-10-06',NULL),(22,'jayomir@allianz.lk',15,93,'',1,'2016-10-06',NULL),(23,'jayomir@allianz.lk',15,94,'',1,'2016-10-06',NULL),(24,'jayomir@allianz.lk',15,95,'',1,'2016-10-06',NULL),(25,'jayomir@allianz.lk',15,96,'',1,'2016-10-06',NULL),(26,'jayomir@allianz.lk',15,97,'',1,'2016-10-06',NULL),(27,'jayomir@allianz.lk',15,98,'',1,'2016-10-06',NULL),(28,'jayomir@allianz.lk',15,99,'',1,'2016-10-06',NULL),(29,'jayomir@allianz.lk',15,100,'',1,'2016-10-06',NULL),(30,'jayomir@allianz.lk',15,101,'',1,'2016-10-06',NULL),(31,'jayomir@allianz.lk',15,102,'',1,'2016-10-06',NULL),(32,'jayomir@allianz.lk',15,103,'',1,'2016-10-06',NULL),(33,'jayomir@allianz.lk',15,104,'',1,'2016-10-06',NULL),(34,'jayomir@allianz.lk',15,106,'',1,'2016-10-06',NULL),(35,'jayomir@allianz.lk',15,107,'',1,'2016-10-06',NULL),(36,'jayomir@allianz.lk',15,108,'',1,'2016-10-06',NULL),(37,'jayomir@allianz.lk',15,109,'',1,'2016-10-06',NULL),(38,'jayomir@allianz.lk',15,110,'',1,'2016-10-06',NULL),(39,'jayomir@allianz.lk',15,111,'',1,'2016-10-06',NULL),(40,'jayomir@allianz.lk',15,112,'',1,'2016-10-06',NULL),(41,'jayomir@allianz.lk',15,113,'',1,'2016-10-06',NULL),(42,'jayomir@allianz.lk',15,114,'',1,'2016-10-06',NULL),(43,'jayomir@allianz.lk',15,115,'',1,'2016-10-06',NULL),(44,'jayomir@allianz.lk',15,116,'',1,'2016-10-06',NULL),(45,'jayomir@allianz.lk',15,117,'',1,'2016-10-06',NULL),(46,'jayomir@allianz.lk',15,118,'',1,'2016-10-06',NULL),(47,'jayomir@allianz.lk',15,119,'',1,'2016-10-06',NULL),(48,'jayomir@allianz.lk',15,120,'<table id=\"insuranceInfo\" class=\"table tableinput\"> <thead>  <tr>   <th style=\"width:30%\">Life Insured</th>   <th>Company</th>   <th>Policy No.</th>   <th>Date</th>   <th>Amount</th>   <th>Type</th>   <th>Premium</th>   <th>Beneficiary</th>   <th>Owner</th>   <th>Cash</th>   <th>Value</th>   <th>Dividend</th>   <th>Status</th>  </tr> </thead> <tbody>  <tr>   <td><input type=\"text\" name=\"insuranceInfo0\" placeholder=\"Life Insured\" value=\"\"></td>   <td><input type=\"text\" name=\"insuranceInfo1\" placeholder=\"company\" value=\"\"></td>   <td><input type=\"number\" name=\"insuranceInfo2\" placeholder=\"Policy No.\" value=\"\"></td>   <td><input type=\"text\" name=\"insuranceInfo3\" placeholder=\"date\" class=\"bdate\" value=\"\"></td>   <td><input type=\"number\" name=\"insuranceInfo4\" placeholder=\"amount\" step=\"any\" value=\"\"></td>   <td><input type=\"text\" name=\"insuranceInfo5\" placeholder=\"type\" value=\"\"></td>   <td><input type=\"number\" name=\"insuranceInfo6\" placeholder=\"premium\" step=\"any\" value=\"\"></td>   <td><input type=\"text\" name=\"insuranceInfo7\" placeholder=\"beneficiary\" value=\"\"></td>   <td><input type=\"text\" name=\"insuranceInfo8\" placeholder=\"owner\" value=\"\"></td>   <td><input type=\"number\" name=\"insuranceInfo9\" placeholder=\"cash\" step=\"any\" value=\"\"></td>   <td><input type=\"number\" name=\"insuranceInfo10\" placeholder=\"value\" step=\"any\" value=\"\"></td>   <td><input type=\"number\" name=\"insuranceInfo11\" placeholder=\"dividend\" step=\"any\" value=\"\"></td>   <td><input type=\"text\" name=\"insuranceInfo12\" placeholder=\"status\" value=\"\"></td>  </tr>  <tr>   <td><input type=\"text\" name=\"insuranceInfo13\" placeholder=\"Life Insured\" value=\"\"></td>   <td><input type=\"text\" name=\"insuranceInfo14\" placeholder=\"company\" value=\"\"></td>   <td><input type=\"number\" name=\"insuranceInfo15\" placeholder=\"Policy No.\" value=\"\"></td>   <td><input type=\"text\" name=\"insuranceInfo16\" placeholder=\"date\" class=\"bdate\" value=\"\"></td>   <td><input type=\"number\" name=\"insuranceInfo17\" placeholder=\"amount\" step=\"any\" value=\"\"></td>   <td><input type=\"text\" name=\"insuranceInfo18\" placeholder=\"type\" value=\"\"></td>   <td><input type=\"number\" name=\"insuranceInfo19\" placeholder=\"premium\" step=\"any\" value=\"\"></td>   <td><input type=\"text\" name=\"insuranceInfo20\" placeholder=\"beneficiary\" value=\"\"></td>   <td><input type=\"text\" name=\"insuranceInfo21\" placeholder=\"owner\" value=\"\"></td>   <td><input type=\"number\" name=\"insuranceInfo22\" placeholder=\"cash\" step=\"any\" value=\"\"></td>   <td><input type=\"number\" name=\"insuranceInfo23\" placeholder=\"value\" step=\"any\" value=\"\"></td>   <td><input type=\"number\" name=\"insuranceInfo24\" placeholder=\"dividend\" step=\"any\" value=\"\"></td>   <td><input type=\"text\" name=\"insuranceInfo25\" placeholder=\"status\" value=\"\"></td>  </tr>  <tr>   <td><input type=\"text\" name=\"insuranceInfo26\" placeholder=\"Life Insured\" value=\"\"></td>   <td><input type=\"text\" name=\"insuranceInfo27\" placeholder=\"company\" value=\"\"></td>   <td><input type=\"number\" name=\"insuranceInfo28\" placeholder=\"Policy No.\" value=\"\"></td>   <td><input type=\"text\" name=\"insuranceInfo29\" placeholder=\"date\" class=\"bdate\" value=\"\"></td>   <td><input type=\"number\" name=\"insuranceInfo30\" placeholder=\"amount\" step=\"any\" value=\"\"></td>   <td><input type=\"text\" name=\"insuranceInfo31\" placeholder=\"type\" value=\"\"></td>   <td><input type=\"number\" name=\"insuranceInfo32\" placeholder=\"premium\" step=\"any\" value=\"\"></td>   <td><input type=\"text\" name=\"insuranceInfo33\" placeholder=\"beneficiary\" value=\"\"></td>   <td><input type=\"text\" name=\"insuranceInfo34\" placeholder=\"owner\" value=\"\"></td>   <td><input type=\"number\" name=\"insuranceInfo35\" placeholder=\"cash\" step=\"any\" value=\"\"></td>   <td><input type=\"number\" name=\"insuranceInfo36\" placeholder=\"value\" step=\"any\" value=\"\"></td>   <td><input type=\"number\" name=\"insuranceInfo37\" placeholder=\"dividend\" step=\"any\" value=\"\"></td>   <td><input type=\"text\" name=\"insuranceInfo38\" placeholder=\"status\" value=\"\"></td>  </tr>  <tr>   <td><input type=\"text\" name=\"insuranceInfo39\" placeholder=\"Life Insured\" value=\"\"></td>   <td><input type=\"text\" name=\"insuranceInfo40\" placeholder=\"company\" value=\"\"></td>   <td><input type=\"number\" name=\"insuranceInfo41\" placeholder=\"Policy No.\" value=\"\"></td>   <td><input type=\"text\" name=\"insuranceInfo42\" placeholder=\"date\" class=\"bdate\" value=\"\"></td>   <td><input type=\"number\" name=\"insuranceInfo43\" placeholder=\"amount\" step=\"any\" value=\"\"></td>   <td><input type=\"text\" name=\"insuranceInfo44\" placeholder=\"type\" value=\"\"></td>   <td><input type=\"number\" name=\"insuranceInfo45\" placeholder=\"premium\" step=\"any\" value=\"\"></td>   <td><input type=\"text\" name=\"insuranceInfo46\" placeholder=\"beneficiary\" value=\"\"></td>   <td><input type=\"text\" name=\"insuranceInfo47\" placeholder=\"owner\" value=\"\"></td>   <td><input type=\"number\" name=\"insuranceInfo48\" placeholder=\"cash\" step=\"any\" value=\"\"></td>   <td><input type=\"number\" name=\"insuranceInfo49\" placeholder=\"value\" step=\"any\" value=\"\"></td>   <td><input type=\"number\" name=\"insuranceInfo50\" placeholder=\"dividend\" step=\"any\" value=\"\"></td>   <td><input type=\"text\" name=\"insuranceInfo51\" placeholder=\"status\" value=\"\"></td>  </tr>  <tr>   <td><input type=\"text\" name=\"insuranceInfo52\" placeholder=\"Life Insured\" value=\"\"></td>   <td><input type=\"text\" name=\"insuranceInfo53\" placeholder=\"company\" value=\"\"></td>   <td><input type=\"number\" name=\"insuranceInfo54\" placeholder=\"Policy No.\" value=\"\"></td>   <td><input type=\"text\" name=\"insuranceInfo55\" placeholder=\"date\" class=\"bdate\" value=\"\"></td>   <td><input type=\"number\" name=\"insuranceInfo56\" placeholder=\"amount\" step=\"any\" value=\"\"></td>   <td><input type=\"text\" name=\"insuranceInfo57\" placeholder=\"type\" value=\"\"></td>   <td><input type=\"text\" name=\"insuranceInfo58\" placeholder=\"premium\" step=\"any\" value=\"\"></td>   <td><input type=\"text\" name=\"insuranceInfo59\" placeholder=\"beneficiary\" value=\"\"></td>   <td><input type=\"text\" name=\"insuranceInfo60\" placeholder=\"owner\" value=\"\"></td>   <td><input type=\"text\" name=\"insuranceInfo61\" placeholder=\"cash\" step=\"any\" value=\"\"></td>   <td><input type=\"text\" name=\"insuranceInfo62\" placeholder=\"value\" step=\"any\" value=\"\"></td>   <td><input type=\"text\" name=\"insuranceInfo63\" placeholder=\"dividend\" step=\"any\" value=\"\"></td>   <td><input type=\"text\" name=\"insuranceInfo64\" placeholder=\"status\" value=\"\"></td>  </tr> </tbody> \n</table>',1,'2016-10-06',NULL),(49,'jayomir@allianz.lk',15,121,'',1,'2016-10-06',NULL),(50,'jayomir@allianz.lk',15,122,'',1,'2016-10-06',NULL),(51,'jayomir@allianz.lk',15,123,'',1,'2016-10-06',NULL),(52,'jayomir@allianz.lk',15,124,'',1,'2016-10-06',NULL),(53,'jayomir@allianz.lk',15,125,'<table id=\"asset\" class=\"table table-striped\"> <thead>  <tr>   <th>Asset</th>   <th>Client A</th>   <th>Client B</th>  </tr> </thead> <tbody>  <tr>   <td>Cash</td>   <td><input type=\"number\" name=\"client_0\" placeholder=\"cash\" value=\"\" step=\"any\"></td>   <td><input type=\"number\" name=\"client_1\" placeholder=\"cash\" value=\"\" step=\"any\"></td>  </tr>  <tr>   <td>Bank Accounts/CDs</td>   <td><input type=\"number\" name=\"client_2\" placeholder=\"bank account\" step=\"any\" value=\"\"></td>   <td><input type=\"number\" name=\"client_3\" placeholder=\"bank account\" step=\"any\" value=\"\"></td>  </tr>  <tr>   <td>Personal Property (Non Liquid)</td>   <td><input type=\"number\" name=\"client_4\" placeholder=\"Personal Property\" step=\"any\" value=\"\"></td>   <td><input type=\"number\" name=\"client_5\" placeholder=\"Personal Property\" step=\"any\" value=\"\"></td>  </tr>  <tr>   <td>Stocks</td>   <td><input type=\"number\" name=\"client_6\" placeholder=\"Stocks\" step=\"any\" value=\"\"></td>   <td><input type=\"number\" name=\"client_7\" placeholder=\"Stocks\" step=\"any\" value=\"\"></td>  </tr>  <tr>   <td>Bonds (Corporate &amp; Government)</td>   <td><input type=\"number\" name=\"client_8\" placeholder=\"Bonds\" step=\"any\" value=\"\"></td>   <td><input type=\"number\" name=\"client_9\" placeholder=\"Bonds\" step=\"any\" value=\"\"></td>  </tr>  <tr>   <td>Tax Free Bonds</td>   <td><input type=\"number\" name=\"client_10\" placeholder=\"Tax Free Bonds\" step=\"any\" value=\"\"></td>   <td><input type=\"number\" name=\"client_11\" placeholder=\"Tax Free Bonds\" step=\"any\" value=\"\"></td>  </tr>  <tr>   <td>Real Estate Residence(Net of mortgage)</td>   <td><input type=\"number\" name=\"client_12\" placeholder=\"Real Estate Residence\" step=\"any\" value=\"\"></td>   <td><input type=\"number\" name=\"client_13\" placeholder=\"Real Estate Residence\" step=\"any\" value=\"\"></td>  </tr>  <tr>   <td>Other Real Estate</td>   <td><input type=\"number\" name=\"client_14\" placeholder=\"Other Real Estate\" step=\"any\" value=\"\"></td>   <td><input type=\"number\" name=\"client_15\" placeholder=\"Other Real Estate\" step=\"any\" value=\"\"></td>  </tr>  <tr>   <td>Business Interest</td>   <td><input type=\"number\" name=\"client_16\" placeholder=\"Business Interest\" step=\"any\" value=\"\"></td>   <td><input type=\"number\" name=\"client_17\" placeholder=\"Business Interest\" step=\"any\" value=\"\"></td>  </tr>  <tr>   <td>Insurance Cash Values</td>   <td><input type=\"number\" name=\"client_18\" placeholder=\"Insurance Cash Values\" step=\"any\" value=\"\"></td>   <td><input type=\"number\" name=\"client_19\" placeholder=\"Insurance Cash Values\" step=\"any\" value=\"\"></td>  </tr>  <tr>   <td>Pension Fund</td>   <td><input type=\"number\" name=\"client_20\" placeholder=\"Pension Fund\" step=\"any\" value=\"\"></td>   <td><input type=\"number\" name=\"client_21\" placeholder=\"Pension Fund\" step=\"any\" value=\"\"></td>  </tr>  <tr>   <td>Other Assets</td>   <td><input type=\"number\" name=\"client_22\" placeholder=\"Other Assets\" step=\"any\" value=\"\"></td>   <td><input type=\"number\" name=\"client_23\" placeholder=\"Other Assets\" step=\"any\" value=\"\"></td>  </tr>  <tr>   <td>Other Assets</td>   <td><input type=\"number\" name=\"client_24\" placeholder=\"Other Assets\" step=\"any\" value=\"\"></td>   <td><input type=\"number\" name=\"client_25\" placeholder=\"Other Assets\" step=\"any\" value=\"\"></td>  </tr>  <tr>   <td>Other Assets</td>   <td><input type=\"number\" name=\"client_26\" placeholder=\"Other Assets\" step=\"any\" value=\"\"></td>   <td><input type=\"number\" name=\"client_27\" placeholder=\"Other Assets\" step=\"any\" value=\"\"></td>  </tr>  <tr>   <td>Total</td>   <td><input type=\"number\" name=\"client_28\" placeholder=\"total\" totala=\"0\" step=\"any\" disabled value=\"0.0\"></td>   <td><input type=\"number\" name=\"client_29\" placeholder=\"total\" totalb=\"0\" step=\"any\" disabled value=\"0.0\"></td>  </tr> </tbody> \n</table>',1,'2016-10-06',NULL),(54,'jayomir@allianz.lk',15,126,'<table id=\"liabilities\" class=\"table table-striped\"> <thead>  <tr>   <th>Liabilities</th>   <th>Client A</th>   <th>Client B</th>  </tr> </thead> <tbody>  <tr>   <td>Mortgage/Residence</td>   <td><input type=\"number\" name=\"liability_0\" placeholder=\"Mortgage/Residence\" step=\"any\" value=\"\"></td>   <td><input type=\"number\" name=\"liability_1\" placeholder=\"Mortgage/Residence\" step=\"any\" value=\"\"></td>  </tr>  <tr>   <td>Mortgage/Other</td>   <td><input type=\"number\" name=\"liability_2\" placeholder=\"Mortgage/Other\" step=\"any\" value=\"\"></td>   <td><input type=\"number\" name=\"liability_3\" placeholder=\"Mortgage/Other\" step=\"any\" value=\"\"></td>  </tr>  <tr>   <td>Auto Loan(s)</td>   <td><input type=\"number\" name=\"liability_4\" placeholder=\"Auto Loan(s)\" step=\"any\" value=\"\"></td>   <td><input type=\"number\" name=\"liability_5\" placeholder=\"Auto Loan(s)\" step=\"any\" value=\"\"></td>  </tr>  <tr>   <td>Credit Card debt</td>   <td><input type=\"number\" name=\"liability_6\" placeholder=\"Credit Card debt\" step=\"any\" value=\"\"></td>   <td><input type=\"number\" name=\"liability_7\" placeholder=\"Credit Card debt\" step=\"any\" value=\"\"></td>  </tr>  <tr>   <td>Debts/Notes</td>   <td><input type=\"number\" name=\"liability_8\" placeholder=\"Debts/Notes\" step=\"any\" value=\"\"></td>   <td><input type=\"number\" name=\"liability_9\" placeholder=\"Debts/Notes\" step=\"any\" value=\"\"></td>  </tr>  <tr>   <td>Other Debt Obligations</td>   <td><input type=\"number\" name=\"liability_10\" placeholder=\"Other Debt Obligations\" step=\"any\" value=\"\"></td>   <td><input type=\"number\" name=\"liability_11\" placeholder=\"Other Debt Obligations\" step=\"any\" value=\"\"></td>  </tr>  <tr>   <td>Total</td>   <td><input type=\"number\" name=\"liability_12\" placeholder=\"total\" totala=\"0\" step=\"any\" disabled value=\"0.0\"></td>   <td><input type=\"number\" name=\"liability_13\" placeholder=\"total\" totalb=\"0\" step=\"any\" disabled value=\"0.0\"></td>  </tr> </tbody> \n</table>',1,'2016-10-06',NULL),(55,'jayomir@allianz.lk',15,143,'<table id=\"cashNeeds\" class=\"table table-striped\"> <thead>  <tr>   <th></th>   <th>You</th>   <th>Spouse</th>  </tr> </thead> <tbody>  <tr>   <td>Immediate Money Fund: This funds is for bills presented after death, which will have to be paid. They may include: Medical expenses, Attorney/Executor feeds, Hospital expenses, Probate Court costs,Funeral expenses, Taxes. 50% of the total annual salary or income is usually recommended.</td>   <td><input type=\"number\" name=\"cashNeeds_0\" placeholder=\"Rs: \" step=\"any\" value=\"\"></td>   <td><input type=\"number\" name=\"cashNeeds_1\" placeholder=\"Rs: \" step=\"any\" value=\"\"></td>  </tr>  <tr>   <td>Debt Liquidation: Credit Card balances, School loans, Auto Loans, Outstanding loans. 50% of the total annual salary or income is usually recommended.</td>   <td><input type=\"number\" name=\"cashNeeds_2\" placeholder=\"Rs: \" step=\"any\" value=\"\"></td>   <td><input type=\"number\" name=\"cashNeeds_3\" placeholder=\"Rs: \" step=\"any\" value=\"\"></td>  </tr>  <tr>   <td>Emergency Found :This fund is for inexpected bills not readily payable from current income. Such things as: Major repairs to home or car, Medical emergencies, etc. Three to six months is usually recommended.</td>   <td><input type=\"number\" name=\"cashNeeds_4\" placeholder=\"Rs: \" step=\"any\" value=\"\"></td>   <td><input type=\"number\" name=\"cashNeeds_5\" placeholder=\"Rs: \" step=\"any\" value=\"\"></td>  </tr>  <tr>   <td>Mortgage/Rent Fund : What would it take to pay off your mortgage today or what amount is sufficient for a ten year rent fund ?(Monthly rent * 120 months)</td>   <td><input type=\"number\" name=\"cashNeeds_6\" placeholder=\"Rs: \" step=\"any\" value=\"\"></td>   <td><input type=\"number\" name=\"cashNeeds_7\" placeholder=\"Rs: \" step=\"any\" value=\"\"></td>  </tr>  <tr>   <td>Education Fund :(The estimated cost of a four year undergraduate education or comparable vocational training will vary by state and type of school.)</td>   <td><input type=\"number\" name=\"cashNeeds_8\" placeholder=\"Rs: \" step=\"any\" value=\"\"></td>   <td><input type=\"number\" name=\"cashNeeds_9\" placeholder=\"Rs: \" step=\"any\" value=\"\"></td>  </tr>  <tr>   <td>Subtract total of current savings, other Liquid assets and existing life insurance</td>   <td><input type=\"number\" name=\"cashNeeds_10\" placeholder=\"Rs: \" step=\"any\" value=\"\"></td>   <td><input type=\"number\" name=\"cashNeeds_11\" placeholder=\"Rs: \" step=\"any\" value=\"\"></td>  </tr>  <tr>   <td>New capital required</td>   <td><input type=\"number\" name=\"cashNeeds_12\" placeholder=\"Rs: \" step=\"any\" value=\"\"></td>   <td><input type=\"number\" name=\"cashNeeds_13\" placeholder=\"Rs: \" step=\"any\" value=\"\"></td>  </tr>  <tr>   <td>Total</td>   <td><input type=\"number\" name=\"cashNeeds_14\" placeholder=\"total\" value=\"0.0\" cashneedstotala=\"0\" step=\"any\" disabled></td>   <td><input type=\"number\" name=\"cashNeeds_15\" placeholder=\"total\" value=\"0.0\" cashneedstotalb=\"0\" step=\"any\" disabled></td>  </tr> </tbody> \n</table>',1,'2016-10-06',NULL),(56,'jayomir@allianz.lk',15,144,'<table id=\"incomeNeeds\" class=\"table table-striped\"> <thead>  <tr>   <th></th>   <th>You</th>   <th>Spouse</th>  </tr> </thead> <tbody>  <tr>   <td>Present Income(total Income of both wage earners)</td>   <td><input type=\"number\" name=\"incomeNeeds_0\" placeholder=\"Rs: \" step=\"any\" value=\"\"></td>   <td><input type=\"number\" name=\"incomeNeeds_1\" placeholder=\"Rs: \" step=\"any\" value=\"\"></td>  </tr>  <tr>   <td>At death of </td>   <td><input type=\"number\" name=\"incomeNeeds_2\" placeholder=\"Rs: \" step=\"any\" value=\"\"></td>   <td><input type=\"number\" name=\"incomeNeeds_3\" placeholder=\"Rs: \" step=\"any\" value=\"\"></td>  </tr>  <tr>   <td>Income Objective(70% from annual income)</td>   <td><input type=\"number\" name=\"incomeNeeds_4\" placeholder=\"Rs: \" step=\"any\" value=\"\"></td>   <td><input type=\"number\" name=\"incomeNeeds_5\" placeholder=\"Rs: \" step=\"any\" value=\"\"></td>  </tr>  <tr>   <td>Guaranteed Income</td>   <td><input type=\"number\" name=\"incomeNeeds_6\" placeholder=\"Rs: \" step=\"any\" value=\"\"></td>   <td><input type=\"number\" name=\"incomeNeeds_7\" placeholder=\"Rs: \" step=\"any\" value=\"\"></td>  </tr>  <tr>   <td>Preliminary income shortage</td>   <td><input type=\"number\" name=\"incomeNeeds_8\" placeholder=\"Rs: \" step=\"any\" value=\"\"></td>   <td><input type=\"number\" name=\"incomeNeeds_9\" placeholder=\"Rs: \" step=\"any\" value=\"\"></td>  </tr>  <tr>   <td>Ohter Income(If any)</td>   <td><input type=\"number\" name=\"incomeNeeds_10\" placeholder=\"Rs: \" step=\"any\" value=\"\"></td>   <td><input type=\"number\" name=\"incomeNeeds_11\" placeholder=\"Rs: \" step=\"any\" value=\"\"></td>  </tr>  <tr>   <td>Total annual income shortage</td>   <td><input type=\"number\" name=\"incomeNeeds_12\" placeholder=\"Rs: \" step=\"any\" value=\"\"></td>   <td><input type=\"number\" name=\"incomeNeeds_13\" placeholder=\"Rs: \" step=\"any\" value=\"\"></td>  </tr>  <tr>   <td>Amount of capital required to provide this income(Eg: Amount of capital required to provide this income = Total Annual income shortage * Assume Interest rate)</td>   <td><input type=\"number\" name=\"incomeNeeds_14\" placeholder=\"Rs: \" step=\"any\" value=\"\"></td>   <td><input type=\"number\" name=\"incomeNeeds_15\" placeholder=\"Rs: \" step=\"any\" value=\"\"></td>  </tr>  <tr>   <td>Cash needs requirement</td>   <td><input type=\"number\" name=\"incomeNeeds_16\" placeholder=\"Rs: \" step=\"any\" value=\"\"></td>   <td><input type=\"number\" name=\"incomeNeeds_17\" placeholder=\"Rs: \" step=\"any\" value=\"\"></td>  </tr>  <tr>   <td>Total New capital Required</td>   <td><input type=\"number\" name=\"incomeNeeds_18\" placeholder=\"Rs: \" step=\"any\" value=\"\"></td>   <td><input type=\"number\" name=\"incomeNeeds_19\" placeholder=\"Rs: \" step=\"any\" value=\"\"></td>  </tr>  <tr>   <td>Total</td>   <td><input type=\"number\" name=\"incomeNeeds_20\" placeholder=\"total\" incomeneedsa=\"\" value=\"\" step=\"any\" readonly></td>   <td><input type=\"number\" name=\"incomeNeeds_21\" placeholder=\"total\" incomeneedsb=\"\" value=\"\" step=\"any\" readonly></td>  </tr> </tbody> \n</table>',1,'2016-10-06',NULL),(57,'jayomir@allianz.lk',15,127,'',1,'2016-10-06',NULL),(58,'jayomir@allianz.lk',15,128,'',1,'2016-10-06',NULL),(59,'jayomir@allianz.lk',15,129,'',1,'2016-10-06',NULL),(60,'jayomir@allianz.lk',15,130,'',1,'2016-10-06',NULL),(61,'jayomir@allianz.lk',15,131,'',1,'2016-10-06',NULL),(62,'jayomir@allianz.lk',15,133,'<table id=\"expensess\" class=\"table table-striped\"> <thead>  <tr>   <th>Expenses</th>   <th>Amount Today</th>   <th>Amount in Retirement</th>  </tr> </thead> <tbody>  <tr>   <td>Mortgage or rent</td>   <td><input type=\"number\" name=\"expensess_0\" placeholder=\"Mortgage or rent\" step=\"any\" value=\"\"></td>   <td><input type=\"number\" name=\"expensess_1\" placeholder=\"Mortgage or rent\" step=\"any\" value=\"\"></td>  </tr>  <tr>   <td>Food</td>   <td><input type=\"number\" name=\"expensess_2\" placeholder=\"Food\" step=\"any\" value=\"\"></td>   <td><input type=\"number\" name=\"expensess_3\" placeholder=\"Food\" step=\"any\" value=\"\"></td>  </tr>  <tr>   <td>Traveling</td>   <td><input type=\"number\" name=\"expensess_4\" placeholder=\"Traveling\" step=\"any\" value=\"\"></td>   <td><input type=\"number\" name=\"expensess_5\" placeholder=\"Traveling\" step=\"any\" value=\"\"></td>  </tr>  <tr>   <td>Car &amp; Home Insurance</td>   <td><input type=\"number\" name=\"expensess_6\" placeholder=\"Car &amp; Home Insurance\" step=\"any\" value=\"\"></td>   <td><input type=\"number\" name=\"expensess_7\" placeholder=\"Car &amp; Home Insurance\" step=\"any\" value=\"\"></td>  </tr>  <tr>   <td>Health Insurance</td>   <td><input type=\"number\" name=\"expensess_8\" placeholder=\"Health Insurance\" step=\"any\" value=\"\"></td>   <td><input type=\"number\" name=\"expensess_9\" placeholder=\"Health Insurance\" step=\"any\" value=\"\"></td>  </tr>  <tr>   <td>Non-covered Health Costs</td>   <td><input type=\"number\" name=\"expensess_10\" placeholder=\"Non-covered Health Costs\" step=\"any\" value=\"\"></td>   <td><input type=\"number\" name=\"expensess_11\" placeholder=\"Non-covered Health Costs\" step=\"any\" value=\"\"></td>  </tr>  <tr>   <td>Debt Repayment</td>   <td><input type=\"number\" name=\"expensess_12\" placeholder=\"Debt Repayment\" step=\"any\" value=\"\"></td>   <td><input type=\"number\" name=\"expensess_13\" placeholder=\"Debt Repayment\" step=\"any\" value=\"\"></td>  </tr>  <tr>   <td>Utility Bills(Electricity/Water/Telephone)</td>   <td><input type=\"number\" name=\"expensess_14\" placeholder=\"Utility Bills\" step=\"any\" value=\"\"></td>   <td><input type=\"number\" name=\"expensess_15\" placeholder=\"Utility Bills\" step=\"any\" value=\"\"></td>  </tr>  <tr>   <td>Festivals</td>   <td><input type=\"number\" name=\"expensess_16\" placeholder=\"Festivals\" step=\"any\" value=\"\"></td>   <td><input type=\"number\" name=\"expensess_17\" placeholder=\"Festivals\" step=\"any\" value=\"\"></td>  </tr>  <tr>   <td>Donations</td>   <td><input type=\"number\" name=\"expensess_18\" placeholder=\"Donations\" step=\"any\" value=\"\"></td>   <td><input type=\"number\" name=\"expensess_19\" placeholder=\"Donations\" step=\"any\" value=\"\"></td>  </tr>  <tr>   <td>Entertainment/Travel</td>   <td><input type=\"number\" name=\"expensess_20\" placeholder=\"Entertainment/Travel\" step=\"any\" value=\"\"></td>   <td><input type=\"number\" name=\"expensess_21\" placeholder=\"Entertainment/Travel\" step=\"any\" value=\"\"></td>  </tr>  <tr>   <td>Total</td>   <td><input type=\"number\" name=\"expensess_22\" placeholder=\"total\" expensessa=\"0\" value=\"\" step=\"any\" readonly></td>   <td><input type=\"number\" name=\"expensess_23\" placeholder=\"total\" expensessb=\"0\" value=\"\" step=\"any\" readonly></td>  </tr> </tbody> \n</table>',1,'2016-10-06',NULL),(63,'jayomir@allianz.lk',15,134,'<table id=\"income\" class=\"table table-striped\"> <thead>  <tr>   <th>Income</th>   <th>Amount</th>  </tr> </thead> <tbody>  <tr>   <td>Pension Plan</td>   <td><input type=\"number\" name=\"income_0\" placeholder=\"Pension Plan\" step=\"any\" value=\"\"></td>  </tr>  <tr>   <td>EPF/ETF/MSPS</td>   <td><input type=\"number\" name=\"income_1\" placeholder=\"EPF/ETF/MSPS\" step=\"any\" value=\"\"></td>  </tr>  <tr>   <td>Total Guaranteed Income</td>   <td><input type=\"number\" name=\"income_2\" placeholder=\"Guaranteed Income\" step=\"any\" value=\"\"></td>  </tr>  <tr>   <td>Retirement Expensess</td>   <td><input type=\"number\" name=\"income_3\" placeholder=\"Retirement Expensess\" step=\"any\" value=\"\"></td>  </tr>  <tr>   <td>Income needed from savings</td>   <td><input type=\"number\" name=\"income_4\" placeholder=\"Income needed from savings\" step=\"any\" value=\"\"></td>  </tr>  <tr>   <td>Total</td>   <td><input type=\"number\" name=\"income_5\" placeholder=\"total\" value=\"\" incomea=\"0\" readonly step=\"any\"></td>  </tr> </tbody> \n</table>',1,'2016-10-06',NULL),(64,'jayomir@allianz.lk',15,135,'',1,'2016-10-06',NULL),(65,'jayomir@allianz.lk',15,136,'',1,'2016-10-06',NULL),(66,'jayomir@allianz.lk',15,137,'',1,'2016-10-06',NULL),(67,'jayomir@allianz.lk',15,138,'',1,'2016-10-06',NULL),(68,'jayomir@allianz.lk',15,139,'',1,'2016-10-06',NULL),(69,'jayomir@allianz.lk',15,140,'',1,'2016-10-06',NULL),(70,'jayomir@allianz.lk',15,141,'',1,'2016-10-06',NULL),(71,'jayomir@allianz.lk',15,142,'',1,'2016-10-06',NULL),(72,'jayomir@allianz.lk',15,72,NULL,1,'2016-10-06',NULL),(73,'jayomir@allianz.lk',15,76,NULL,1,'2016-10-06',NULL),(74,'jayomir@allianz.lk',15,79,NULL,1,'2016-10-06',NULL),(75,'jayomir@allianz.lk',15,80,NULL,1,'2016-10-06',NULL),(76,'jayomir@allianz.lk',15,83,NULL,1,'2016-10-06',NULL),(77,'jayomir@allianz.lk',15,84,NULL,1,'2016-10-06',NULL),(78,'jayomir@allianz.lk',15,87,NULL,1,'2016-10-06',NULL),(79,'jayomir@allianz.lk',15,105,NULL,1,'2016-10-06',NULL),(80,'jayomir@allianz.lk',15,132,NULL,1,'2016-10-06',NULL);
/*!40000 ALTER TABLE `user_answer_table` ENABLE KEYS */;
UNLOCK TABLES;

--
-- Table structure for table `user_signature`
--

DROP TABLE IF EXISTS `user_signature`;
/*!40101 SET @saved_cs_client     = @@character_set_client */;
/*!40101 SET character_set_client = utf8 */;
CREATE TABLE `user_signature` (
  `id` int(11) NOT NULL AUTO_INCREMENT,
  `user_name` varchar(45) DEFAULT NULL,
  `form_id` int(11) DEFAULT NULL,
  `question_id` varchar(45) DEFAULT NULL,
  `user_signature` blob,
  `turn` varchar(45) DEFAULT NULL,
  `done_date` date DEFAULT NULL,
  `ip_address` varchar(45) DEFAULT NULL,
  `time` varchar(45) DEFAULT NULL,
  PRIMARY KEY (`id`)
) ENGINE=InnoDB DEFAULT CHARSET=utf8;
/*!40101 SET character_set_client = @saved_cs_client */;

--
-- Dumping data for table `user_signature`
--

LOCK TABLES `user_signature` WRITE;
/*!40000 ALTER TABLE `user_signature` DISABLE KEYS */;
/*!40000 ALTER TABLE `user_signature` ENABLE KEYS */;
UNLOCK TABLES;

--
-- Dumping routines for database 'qportal_new'
--
/*!40103 SET TIME_ZONE=@OLD_TIME_ZONE */;

/*!40101 SET SQL_MODE=@OLD_SQL_MODE */;
/*!40014 SET FOREIGN_KEY_CHECKS=@OLD_FOREIGN_KEY_CHECKS */;
/*!40014 SET UNIQUE_CHECKS=@OLD_UNIQUE_CHECKS */;
/*!40101 SET CHARACTER_SET_CLIENT=@OLD_CHARACTER_SET_CLIENT */;
/*!40101 SET CHARACTER_SET_RESULTS=@OLD_CHARACTER_SET_RESULTS */;
/*!40101 SET COLLATION_CONNECTION=@OLD_COLLATION_CONNECTION */;
/*!40111 SET SQL_NOTES=@OLD_SQL_NOTES */;

-- Dump completed on 2016-10-06 15:52:35
